id,product_name,price,quantity,customer_name,datetime_of_purchase,store_id,payment_method
1,Bike,68.13,1,Joseph Cohen,2026-03-16T17:53:09.352933,1,debit card
2,Unbranded Bike,513.09,2,William Watkins,2026-02-17T09:17:43.222010,5,credit card
3,Tuna,748.83,5,David Mckenzie,2026-01-15T09:22:11.941393,4,credit card
4,Fresh Table,992.47,10,Kim Bender,2026-02-17T08:41:06.370385,3,cash
5,Rubber Fish,794.94,9,Stacey Lewis,2026-01-11T02:11:42.505660,5,mobile payment
6,Gorgeous Soft Mouse,355.32,2,Matthew Neal,2026-03-08T15:38:41.783005,1,cash
7,Rubber Towels,40.34,5,Ashley Harris,2026-03-08T04:11:03.737595,4,debit card
8,Incredible Rubber Shoes,980.38,7,Alexander Cummings,2026-02-19T03:03:06.401523,5,mobile payment
9,Cotton Bacon,321.84,6,Amanda Marshall,2026-03-09T05:42:20.743383,2,debit card
10,Car,189.89,8,Mary Mcknight,2026-03-14T21:22:02.079369,1,mobile payment
11,Granite Chips,606.54,9,Kimberly Boyd,2026-03-13T12:25:31.060158,1,mobile payment
12,Shoes,146.45,4,Kelly Reese,2026-03-07T03:14:13.770253,5,cash
13,Gorgeous Cotton Mouse,722.06,10,Mr. John Garcia,2026-01-17T21:29:23.574674,3,mobile payment
14,Rubber Pants,328.52,1,Brittany Medina,2026-02-21T08:21:02.259835,5,credit card
15,Metal Chicken,463.77,6,Brian Jones,2026-01-06T11:07:23.385215,2,debit card
16,Towels,560.79,6,Jessica Harris,2026-01-15T17:35:53.973870,1,mobile payment
17,Fresh Chicken,217.84,4,Pamela Robbins,2026-01-31T17:38:50.115834,5,cash
18,Awesome Tuna,175.82,7,Kimberly Bass,2026-02-17T14:31:22.420866,5,cash
19,Incredible Towels,251.19,6,Megan Johnston,2026-02-20T01:43:32.710782,1,mobile payment
20,Rustic Rubber Computer,63.03,4,Janet Gonzales,2026-02-11T03:08:30.163023,3,debit card
21,Cotton Pants,636.45,2,Alexander Carter,2026-01-16T03:48:49.966753,4,credit card
22,Ergonomic Plastic Keyboard,554.66,9,Roger Lynch,2026-03-12T22:35:23.735292,4,credit card
23,Steel Shoes,332.43,3,Gail Cooper,2026-02-12T11:53:41.006173,1,mobile payment
24,For repair Shirt,276.44,8,Miranda Johnson,2026-03-04T14:29:29.956840,1,cash
25,Ball,862.11,3,Jim Cole,2026-01-31T03:44:19.738273,3,cash
26,Wooden Ball,893.14,5,Kelly Valdez,2026-01-11T17:42:42.393861,1,debit card
27,Bike,828.88,4,Rebecca Clayton,2026-02-02T09:29:14.360691,3,mobile payment
28,Handcrafted Soft Hat,715.16,1,Juan Harris,2026-03-14T01:38:50.005825,1,debit card
29,Soft Computer,217.06,7,James Evans,2026-02-11T20:58:19.022774,4,debit card
30,Handcrafted Pizza,855.18,9,Keith Bennett,2026-01-23T14:00:11.873093,2,cash
31,Towels,734.31,5,Mrs. Jeanette Beard MD,2026-01-22T13:50:18.567330,2,credit card
32,Used Tuna,330.06,1,Carol Harris,2026-02-23T19:43:47.889320,2,debit card
33,Sleek Wooden Gloves,220.45,7,Jessica Dawson,2026-01-06T00:16:49.567800,3,mobile payment
34,Concrete Mouse,787.16,3,Scott Dudley,2026-03-11T10:49:48.531061,2,cash
35,Sleek Metal Mouse,475.4,10,Richard Alexander,2026-02-16T12:13:54.204423,4,cash
36,Hat,580.85,5,Stephanie Ingram,2026-02-15T02:46:02.498399,1,credit card
37,Rubber Soap,67.6,2,James Pearson,2026-01-16T12:10:26.079114,1,credit card
38,Licensed Wooden Sausages,612.46,4,Susan Welch,2026-02-12T20:46:04.511221,3,mobile payment
39,Wooden Sausages,0.46,4,Steven Cline,2026-02-14T04:57:10.144282,3,cash
40,Gently Used Frozen Chicken,997.64,8,Evelyn Johnson,2026-03-11T22:51:37.899689,4,mobile payment
41,Chair,411.84,4,Joel Evans,2026-02-04T06:55:40.520108,4,debit card
42,Chair,452.23,10,Jamie Gonzalez,2026-02-23T14:33:00.614877,3,cash
43,Fish,68.09,4,Angela Nunez,2026-01-10T02:56:40.911414,1,mobile payment
44,Unbranded Chair,281.32,4,Joe Baker,2026-03-12T22:29:55.812951,1,debit card
45,Metal Pants,46.8,9,Paul Walsh,2026-02-02T00:46:20.490222,1,cash
46,Wooden Shirt,604.39,9,Elizabeth Hernandez,2026-01-30T08:56:08.694043,4,cash
47,Towels,83.5,2,Jeffrey Burns,2026-03-08T12:01:51.815588,4,cash
48,Generic Cotton Pizza,784.44,9,Jody Powers,2026-02-28T13:28:07.675095,1,credit card
49,Fresh Ball,900.23,10,Frances Dougherty,2026-01-19T06:58:32.822099,1,mobile payment
50,Frozen Bacon,829.57,4,Erica Stone,2026-02-20T04:55:54.144758,3,mobile payment
51,Chicken,475.46,4,Breanna Carroll,2026-01-13T10:27:07.332226,4,mobile payment
52,Plastic Towels,16.11,10,Sarah Sanchez,2026-02-08T02:25:30.242094,4,debit card
53,Plastic Soap,545.76,4,Adam Dennis,2026-01-22T15:32:27.794959,4,credit card
54,Rubber Fish,107.65,3,Nathan Newton,2026-03-12T13:15:23.763847,5,debit card
55,Computer,569.67,9,William Avila,2026-01-05T13:45:24.795622,4,cash
56,Intelligent Plastic Keyboard,460.77,8,Luis Lewis,2026-02-27T21:48:30.701171,3,cash
57,Concrete Chicken,54.77,8,Brandon Brown,2026-01-15T00:55:20.014671,4,credit card
58,Frozen Table,706.83,2,Brian Phillips,2026-02-01T18:06:04.136484,5,debit card
59,Handmade Soft Tuna,305.7,6,Gregory Perez,2026-02-03T13:20:50.825330,1,credit card
60,Bacon,400.27,2,Jimmy Romero,2026-02-17T20:14:27.759687,2,cash
61,Refined Plastic Shirt,570.76,10,Kenneth Andrews,2026-03-06T05:06:09.997704,4,debit card
62,Handmade Towels,199.31,10,Maxwell Duke,2026-02-28T04:01:46.129717,5,debit card
63,Sleek Steel Bike,518.03,2,Erica Jackson,2026-03-06T05:52:21.157880,5,credit card
64,Gloves,280.7,5,Kristin Short,2026-03-13T22:01:50.387333,4,credit card
65,Gently Used Table,251.46,2,Grant Nguyen,2026-02-15T06:26:35.991715,4,credit card
66,Ergonomic Shirt,129.88,9,Kristina Joseph,2026-02-25T23:46:14.474685,1,credit card
67,Salad,4.78,2,Kimberly Jones,2026-02-24T20:51:03.842222,1,cash
68,Rustic Metal Bacon,975.26,5,Cristian Burke,2026-01-23T11:16:15.261176,3,credit card
69,Small Wooden Chair,518.28,4,Hannah Lee,2026-01-02T00:00:52.238909,1,credit card
70,Used Frozen Pizza,426.07,4,Connie Cooper,2026-03-13T12:56:37.688062,1,debit card
71,Concrete Chicken,483.51,5,Jesse Lee,2026-02-22T17:28:11.876822,5,cash
72,Rubber Salad,745.07,3,John Decker,2026-02-05T07:28:00.060591,5,credit card
73,Fantastic Cotton Towels,709.15,10,Diane Hardy,2026-01-17T08:16:38.034550,1,cash
74,Mouse,254.44,4,David Nolan,2026-02-01T07:05:33.729375,1,mobile payment
75,Bacon,744.74,6,Christopher Graves,2026-03-15T10:52:35.256465,5,credit card
76,Handcrafted Chair,637.4,1,Brittany Ward,2026-01-13T21:38:55.716769,2,mobile payment
77,Wooden Pizza,285.87,4,Matthew Santana,2026-01-01T19:12:08.530775,4,credit card
78,Salad,582.79,6,Michelle Simpson,2026-02-11T14:09:28.096416,2,cash
79,Wooden Mouse,476.37,9,Heather Poole,2026-02-04T16:51:45.200645,2,credit card
80,Handcrafted Sausages,529.06,9,Oscar Wilcox,2026-02-22T18:07:43.422115,1,debit card
81,Cotton Pants,140.81,4,Danielle Garcia,2026-03-07T14:22:29.556560,3,debit card
82,Practical Soft Mouse,309.8,8,Sue Murray,2026-02-28T19:36:45.208605,4,credit card
83,Granite Bacon,336.75,4,Diana Martinez,2026-03-07T12:43:45.163615,5,mobile payment
84,Sleek Car,58.66,8,Elizabeth Carey,2026-01-05T11:16:33.824051,5,mobile payment
85,Mouse,925.94,10,Patricia Lee,2026-01-27T08:03:44.144547,1,debit card
86,Licensed Soft Salad,845.68,3,Charles Grimes,2026-03-06T06:26:09.885541,2,cash
87,Awesome Granite Table,556.9,2,Kathryn Meadows,2026-03-10T17:44:37.872874,4,mobile payment
88,Pizza,195.83,9,Samuel Baker,2026-03-13T16:42:16.619888,5,cash
89,Handcrafted Mouse,79.07,1,Robert Hale,2026-02-04T21:39:34.708113,5,credit card
90,Unbranded Wooden Soap,369.9,3,Alexandra Farmer,2026-03-12T22:38:02.415545,3,credit card
91,Handcrafted Concrete Bike,205.41,9,Michael Hart,2026-03-08T01:48:37.854493,2,cash
92,Tasty Chips,3.0,8,Richard Myers,2026-03-10T19:36:35.172140,3,debit card
93,Handcrafted Cotton Chips,39.85,1,David Sexton,2026-02-10T04:27:28.147682,3,cash
94,For repair Towels,494.48,10,Christopher Mendez,2026-02-18T14:22:42.792686,3,credit card
95,Ergonomic Concrete Keyboard,685.81,8,Edward Garcia,2026-03-10T06:38:18.416601,5,credit card
96,Intelligent Tuna,895.75,5,Maria Winters,2026-03-02T15:49:42.852103,2,debit card
97,Bacon,578.64,1,Barbara Davis,2026-01-04T14:17:51.384691,2,credit card
98,Refined Plastic Chicken,216.47,1,Felicia Walters,2026-02-05T22:28:24.530011,4,cash
99,Sleek Soft Bacon,319.69,4,Jonathan Gould,2026-02-15T21:06:25.145738,3,mobile payment
100,Generic Frozen Table,31.45,1,Melissa Miller,2026-02-08T01:55:11.120212,1,cash
101,Plastic Hat,136.94,5,Nathan White,2026-01-27T12:05:16.781854,1,debit card
102,New Cotton Towels,448.45,7,Joseph Mendoza,2026-02-09T10:44:05.830217,3,debit card
103,Metal Pants,867.62,5,Mark Paul,2026-03-11T13:54:53.766916,1,credit card
104,Refined Metal Bike,260.01,4,Pamela Roberts,2026-01-15T23:03:12.242122,4,cash
105,New Rubber Fish,384.76,4,Jerome Miller,2026-01-13T08:20:16.861967,4,cash
106,Gorgeous Metal Cheese,295.63,1,Michael Morales,2026-03-11T22:38:14.561575,3,mobile payment
107,Handmade Frozen Chips,165.19,4,Christopher Sherman,2026-03-09T06:16:50.090434,4,debit card
108,Incredible Cotton Keyboard,896.34,5,Lori Austin,2026-02-12T22:20:06.552687,1,debit card
109,Rustic Car,718.45,2,Michelle Quinn,2026-03-03T23:41:44.373685,2,cash
110,Cotton Shirt,374.28,5,Stephanie Moore,2026-01-26T04:46:34.498756,2,mobile payment
111,Gorgeous Cotton Hat,664.55,8,Mark Fuller,2026-02-27T04:40:10.650330,4,credit card
112,Generic Steel Shirt,193.04,2,Kyle Brown,2026-01-27T21:23:28.021900,5,mobile payment
113,Table,544.15,2,Mr. Timothy Barnes PhD,2026-02-19T01:08:40.078702,5,mobile payment
114,New Frozen Shirt,84.74,5,Christopher Stanley,2026-03-02T10:01:05.413437,2,credit card
115,Steel Sausages,268.32,8,Kyle Vargas,2026-01-14T16:43:13.341720,4,credit card
116,Salad,693.03,4,Bob Smith,2026-02-09T03:47:38.001107,5,mobile payment
117,Ball,526.24,9,Kyle Cannon,2026-01-23T20:13:35.020181,3,credit card
118,Ergonomic Chicken,928.51,1,Mary Ross,2026-01-09T11:59:04.486161,5,mobile payment
119,Rustic Bike,573.53,9,Sean Mcdonald,2026-02-02T07:33:34.698478,5,mobile payment
120,Chair,694.43,7,Diane Miller,2026-02-12T12:50:57.267408,1,debit card
121,Intelligent Rubber Fish,239.49,1,Victor King,2026-02-16T12:47:17.189336,1,credit card
122,Frozen Hat,479.58,6,Brandon Schmidt,2026-01-04T02:41:22.466309,1,cash
123,Sleek Towels,756.31,10,Paul Mccullough,2026-01-23T20:23:26.798445,2,cash
124,Gloves,188.42,7,Robin Wilson,2026-03-02T05:22:54.260999,1,debit card
125,Licensed Granite Shoes,287.29,2,Ryan Duffy,2026-02-10T00:45:04.806317,2,debit card
126,Steel Gloves,266.39,6,Allen Arias,2026-01-29T16:40:12.652122,3,debit card
127,Incredible Tuna,974.68,2,Melissa Krause,2026-01-09T08:53:45.883683,5,debit card
128,Plastic Chips,602.43,2,Richard Salazar,2026-01-31T15:59:39.315462,2,cash
129,Ergonomic Hat,248.73,7,Chelsea Bell,2026-02-06T21:48:12.016241,1,credit card
130,Generic Wooden Shirt,313.14,10,Kelly Lane,2026-01-20T05:51:17.192564,5,credit card
131,Soft Pizza,803.41,8,Sabrina Houston,2026-02-26T16:31:07.077284,4,credit card
132,Plastic Pizza,45.44,8,Amanda Miller,2026-03-12T22:42:00.363680,4,credit card
133,Towels,949.68,4,Christopher Cook,2026-03-15T02:15:52.034053,2,debit card
134,New Shirt,228.25,9,Rodney Jordan,2026-02-03T17:16:39.375452,5,credit card
135,Fresh Computer,964.29,4,Kara Duncan,2026-02-11T05:07:39.376844,2,cash
136,Handmade Shirt,649.84,9,Donald Wilson,2026-01-03T21:03:48.175169,4,mobile payment
137,Incredible Concrete Pizza,755.32,3,Nancy Cooper,2026-01-18T02:37:55.418724,4,mobile payment
138,Ergonomic Keyboard,483.17,9,Joyce Horne,2026-01-26T13:06:03.641881,2,mobile payment
139,Rustic Granite Soap,445.88,2,James Bryant,2026-01-03T20:22:01.052244,5,debit card
140,Handcrafted Cheese,514.19,2,Michael Pearson,2026-03-02T23:20:42.775456,3,mobile payment
141,Cotton Shoes,749.6,1,Pedro Griffith,2026-02-07T12:33:05.018945,5,cash
142,Gorgeous Ball,231.52,9,Jesus Acevedo,2026-02-15T02:40:13.705573,5,debit card
143,For repair Gloves,94.41,6,Natalie Cochran,2026-02-28T11:02:16.034989,2,credit card
144,Small Car,967.25,7,James Wang,2026-01-02T21:09:59.037822,5,mobile payment
145,Tasty Salad,763.57,1,Danielle York,2026-01-11T20:00:18.204181,3,cash
146,Table,887.13,7,Steven Hayden,2026-03-01T22:00:14.564123,1,cash
147,Fresh Soap,362.13,6,Stephanie Anderson,2026-02-07T05:22:28.568126,1,mobile payment
148,Tuna,311.33,4,Patrick Williams,2026-03-07T22:38:13.584633,2,credit card
149,Rustic Bacon,313.44,4,Patricia Reid,2026-01-31T17:36:43.224417,2,credit card
150,Gorgeous Wooden Cheese,351.57,3,Brenda Bowen,2026-01-11T14:01:09.512140,3,debit card
151,Pants,418.12,9,Dawn Gonzales,2026-02-15T20:02:32.547591,4,cash
152,Soft Towels,644.92,5,Christopher Jones,2026-03-10T04:14:51.518852,5,debit card
153,Refined Wooden Shoes,110.95,7,Steven Smith,2026-02-22T23:59:35.144923,1,credit card
154,Salad,565.81,5,Heather Richmond,2026-03-11T03:54:39.376627,4,cash
155,Computer,826.35,10,Gabrielle Reed,2026-03-11T14:11:50.494760,3,mobile payment
156,Gorgeous Soft Cheese,792.09,2,Antonio Young,2026-02-05T10:38:26.199649,1,credit card
157,Incredible Computer,217.08,6,Michael Gonzalez,2026-02-04T12:17:47.727449,4,credit card
158,Gorgeous Shirt,151.79,5,Amber Cook,2026-02-02T02:01:03.331187,4,cash
159,Chair,899.6,9,John Fitzpatrick,2026-03-02T16:56:23.954129,4,debit card
160,Rustic Fresh Hat,592.23,6,Dr. Mary Wiggins,2026-01-30T05:47:25.698939,1,mobile payment
161,Intelligent Cotton Tuna,946.6,1,Jocelyn Mckee,2026-02-13T18:35:37.451194,3,mobile payment
162,Fresh Pants,548.85,5,Melinda Flores,2026-01-25T04:10:42.331194,5,debit card
163,Metal Pizza,906.24,3,Christian Spence,2026-01-06T15:50:20.136820,3,debit card
164,Soft Computer,318.72,9,Jennifer Phelps,2026-02-21T10:24:33.815786,5,cash
165,Ergonomic Soft Car,237.89,8,Alex Zimmerman,2026-01-29T08:19:06.240675,4,credit card
166,Gorgeous Plastic Ball,855.83,10,Andrew Kelly,2026-02-23T15:03:43.454238,2,cash
167,Fish,530.23,5,Michael Hill,2026-01-23T07:06:09.240003,5,credit card
168,Cotton Table,249.12,4,Donna Hawkins,2026-01-29T05:50:20.750059,3,debit card
169,Fantastic Shirt,40.29,2,Michelle Watson,2026-01-23T20:24:52.788935,4,mobile payment
170,Practical Soap,548.98,10,Kathleen Aguilar,2026-02-28T05:11:47.099493,4,debit card
171,Awesome Shirt,232.88,2,David Lee,2026-03-03T15:24:09.505857,4,cash
172,Practical Car,521.96,7,Carolyn Barton,2026-01-09T14:35:38.267960,2,cash
173,Shirt,595.8,5,Francisco Myers,2026-03-08T10:02:21.174291,2,cash
174,Concrete Hat,990.83,6,Bobby Warren,2026-01-09T17:20:06.654909,3,mobile payment
175,Unbranded Cotton Cheese,311.05,10,Blake Rodriguez,2026-01-12T10:45:08.888960,5,credit card
176,For repair Fresh Fish,519.49,1,Ashley Williams,2026-02-22T00:46:43.005316,3,cash
177,Small Metal Shirt,148.83,2,Kirsten Peterson,2026-01-12T02:36:35.805090,3,debit card
178,Sleek Steel Cheese,666.64,2,Jacob Newman,2026-01-28T09:49:48.145473,1,credit card
179,Concrete Fish,493.58,3,Tanya Ortega,2026-03-04T20:17:34.643966,4,credit card
180,Gorgeous Keyboard,571.0,2,Crystal Crawford,2026-02-20T10:23:20.330504,4,credit card
181,Tuna,423.67,10,Aaron Jones,2026-01-11T20:10:20.326864,4,credit card
182,Used Pants,573.56,4,Benjamin Hayes,2026-02-01T02:07:44.440599,5,cash
183,Frozen Soap,430.04,4,Adrian Castillo,2026-03-01T13:11:53.726855,5,cash
184,Cotton Soap,501.63,5,Brooke Richardson,2026-01-28T09:21:37.575356,4,cash
185,Bike,791.1,9,Jacob Colon,2026-03-05T07:59:59.198618,5,credit card
186,Fantastic Chair,889.65,10,Alex Benson,2026-02-07T13:19:48.957718,5,debit card
187,Plastic Hat,700.32,2,Frank Williams,2026-02-03T06:55:41.300635,5,cash
188,Cotton Cheese,462.65,10,Elizabeth Park,2026-03-12T09:42:17.762696,4,credit card
189,Awesome Gloves,559.57,4,Seth Ellis,2026-02-08T16:34:56.284508,5,cash
190,Plastic Pants,662.66,7,Rebecca Shaffer,2026-01-23T06:01:30.487425,3,cash
191,Steel Bacon,69.76,6,Jessica Smith,2026-01-15T03:23:37.026245,2,credit card
192,Table,993.73,9,Matthew Davis,2026-02-23T04:39:06.368432,3,debit card
193,Small Salad,783.3,2,Lori Golden,2026-02-01T22:47:53.509931,5,mobile payment
194,Practical Sausages,340.39,8,Jillian Hardin PhD,2026-03-13T23:29:53.628614,4,debit card
195,Chips,267.97,10,April Scott,2026-01-25T12:15:26.674139,4,debit card
196,New Fish,542.91,8,David Garcia,2026-01-28T07:47:20.342344,4,debit card
197,Salad,279.36,2,Jeffrey Jackson,2026-01-27T11:22:32.279196,5,mobile payment
198,Generic Soft Salad,515.14,5,Alison Cox,2026-01-20T15:07:04.615924,3,mobile payment
199,Fantastic Fish,873.08,7,Crystal Browning,2026-01-04T06:34:47.134881,5,mobile payment
200,Gloves,708.83,4,Nicholas Gonzalez,2026-02-27T19:29:39.379012,1,debit card
201,New Wooden Chair,949.56,5,Kristin Lewis,2026-02-01T01:47:03.738864,2,credit card
202,Chips,963.3,9,Ronald Santana,2026-02-16T03:43:17.457880,5,debit card
203,Salad,293.91,5,Scott Alvarez,2026-02-09T04:37:09.401708,5,mobile payment
204,Granite Towels,46.03,8,Sara Roy,2026-02-24T13:35:00.346134,1,credit card
205,Gently Used Shoes,407.01,7,Daniel Hernandez,2026-02-04T10:25:55.725325,2,cash
206,Handmade Steel Computer,956.13,3,Kelly Hicks,2026-01-18T05:39:31.440115,5,debit card
207,Fresh Fish,411.85,1,Kelly Davidson,2026-02-19T21:07:55.516332,3,cash
208,Refined Shoes,451.56,8,Kimberly Pittman,2026-01-31T23:17:59.060760,4,debit card
209,For repair Towels,830.83,8,Richard Bryan,2026-01-05T08:52:12.110453,4,credit card
210,New Car,111.87,10,Charlotte Williams,2026-03-08T17:16:01.859529,4,cash
211,Unbranded Steel Gloves,247.25,10,Jasmine Tran,2026-02-09T22:13:26.759112,1,credit card
212,Keyboard,455.64,1,David Vargas,2026-03-11T05:06:32.205978,2,mobile payment
213,Sleek Chair,344.52,2,Richard Smith,2026-02-17T00:18:10.092766,4,credit card
214,Gently Used Plastic Pizza,318.49,3,Lee Hill,2026-02-11T07:44:27.933022,1,credit card
215,Table,665.5,10,Janice Sanders,2026-02-10T19:32:31.778810,1,credit card
216,Bacon,710.26,9,Amy Watson MD,2026-02-19T04:41:27.528849,2,mobile payment
217,Table,687.14,8,Garrett Rogers,2026-03-07T01:33:21.868159,2,debit card
218,Tasty Soft Towels,930.41,3,Samantha Lopez,2026-01-26T08:57:17.918264,5,cash
219,Rustic Rubber Soap,900.83,5,Laura Romero,2026-02-24T01:20:40.608417,4,credit card
220,Practical Mouse,275.79,1,Joseph Bradley,2026-03-13T16:31:00.453288,5,mobile payment
221,Soft Pizza,737.05,10,Christopher Mann,2026-01-07T15:18:31.030235,1,cash
222,Wooden Hat,15.82,8,Ashley Clark,2026-02-20T12:09:05.258024,4,cash
223,Steel Pants,493.35,10,Daniel Carr,2026-03-12T15:39:32.238385,4,debit card
224,Concrete Bacon,215.06,5,Dr. Catherine Hanson,2026-02-12T03:21:42.038761,4,debit card
225,Soft Tuna,171.63,8,Aaron Kane,2026-02-21T09:25:34.969843,5,credit card
226,Gorgeous Hat,134.82,6,Benjamin White,2026-02-10T22:49:37.685465,5,debit card
227,Incredible Hat,846.79,1,Dale Mcpherson,2026-01-12T02:30:46.436340,1,credit card
228,Rubber Car,24.25,8,Ashley Anderson,2026-01-13T07:23:27.070345,2,mobile payment
229,Awesome Wooden Cheese,995.59,7,Howard Faulkner,2026-02-25T18:26:27.196287,1,cash
230,Sleek Cheese,914.75,5,Courtney Townsend,2026-02-21T08:24:33.523544,2,credit card
231,Concrete Computer,277.17,7,Paul Daugherty,2026-02-01T00:38:25.506576,5,mobile payment
232,Granite Pants,631.26,1,Christina Davis,2026-01-23T21:09:46.044647,1,credit card
233,Generic Shoes,678.06,9,William Ross,2026-02-21T12:12:10.153509,2,debit card
234,Steel Bacon,693.11,1,Kristin Jackson,2026-02-07T15:17:51.959378,5,credit card
235,Licensed Shirt,61.08,5,Joy Rollins,2026-01-27T18:35:22.386942,4,mobile payment
236,Handcrafted Granite Shirt,834.98,2,Christopher Sanchez,2026-02-16T18:22:25.831732,2,cash
237,Cotton Shirt,189.62,5,Ann Richards,2026-01-02T10:46:32.886660,5,cash
238,Cotton Chips,291.43,3,Christopher Fleming,2026-02-24T04:34:06.204233,3,mobile payment
239,For repair Frozen Car,460.21,1,Kelli Thompson,2026-02-25T13:09:03.590357,4,credit card
240,Gently Used Bike,780.76,2,Glenn Kline,2026-01-31T05:00:09.407767,5,cash
241,Handcrafted Fresh Ball,462.32,4,Michelle Smith,2026-02-28T04:24:45.973229,3,mobile payment
242,Salad,758.22,9,Kristen Marshall,2026-02-09T13:03:32.875606,4,debit card
243,Unbranded Chicken,453.26,9,Luis David,2026-01-26T14:08:45.425727,5,cash
244,Ergonomic Pants,137.27,5,Taylor Roberson,2026-02-26T12:35:59.818923,1,credit card
245,Generic Rubber Chips,948.62,1,David Villa,2026-02-21T13:40:44.337862,2,mobile payment
246,Ergonomic Keyboard,967.57,10,Vanessa Collins,2026-03-06T08:58:41.650811,5,debit card
247,Used Soft Pants,788.6,1,Benjamin Dean,2026-01-22T19:01:45.882420,5,mobile payment
248,Gently Used Cotton Tuna,839.19,2,Michelle Evans,2026-03-15T07:41:03.271147,2,cash
249,For repair Tuna,83.11,10,Andres Gray,2026-01-31T14:43:20.161754,4,credit card
250,Used Cotton Bike,140.06,6,Megan Hobbs,2026-01-25T22:35:12.348790,2,cash
251,Rubber Sausages,199.38,6,Dennis Hampton,2026-02-10T07:13:57.990082,1,debit card
252,Handmade Metal Bacon,22.76,2,Diana Farley,2026-03-05T12:57:12.382237,3,credit card
253,Practical Fish,963.63,9,Diana Berg,2026-01-30T05:57:26.694349,3,mobile payment
254,Rubber Chair,998.66,6,Mason Levine,2026-02-19T13:24:58.814406,2,mobile payment
255,Chicken,943.28,6,Theresa Page,2026-01-13T02:49:13.301471,5,mobile payment
256,Gently Used Concrete Hat,808.01,6,Sara Melton,2026-02-12T07:42:20.285772,4,cash
257,Chicken,185.2,2,Kyle Payne,2026-02-18T12:49:29.724600,5,debit card
258,Licensed Metal Towels,231.98,10,Monica White,2026-02-26T06:38:01.641524,2,cash
259,Granite Mouse,701.41,4,Caitlin Martin,2026-02-19T21:02:51.783128,4,credit card
260,Frozen Computer,997.7,4,Mark Brown,2026-02-27T05:04:15.967581,4,credit card
261,Handcrafted Car,121.03,2,Rachel Pugh,2026-01-23T07:57:41.797141,5,cash
262,Small Chips,927.11,7,Mr. Charles Williams,2026-01-04T05:26:01.134800,5,cash
263,Used Plastic Hat,829.14,5,Diana Young,2026-01-31T21:37:47.836680,3,debit card
264,Frozen Computer,30.28,7,Michael Hernandez,2026-03-03T13:17:39.714807,4,mobile payment
265,Concrete Sausages,372.34,4,Michael Mann,2026-03-15T12:49:33.253296,3,debit card
266,Sleek Bike,888.3,6,Shannon Martinez,2026-01-04T19:58:14.468351,5,debit card
267,Unbranded Salad,468.78,1,Theodore Lewis,2026-01-08T03:25:14.322942,3,cash
268,Steel Chair,233.27,8,Alyssa Mills,2026-02-16T05:22:04.809857,2,cash
269,Concrete Sausages,789.1,7,Bruce Smith,2026-01-09T23:15:08.478909,2,credit card
270,Fresh Bacon,246.57,5,Joshua Hines,2026-01-22T19:02:49.926209,3,credit card
271,Gloves,316.59,6,Julia Stevens,2026-01-07T19:14:01.185570,5,mobile payment
272,Gloves,162.64,1,Megan Mcdowell,2026-01-03T19:07:01.489383,2,debit card
273,Concrete Ball,78.17,7,Derek Rivera,2026-02-19T22:34:14.281628,3,cash
274,Chicken,904.6,10,Alexis Fields,2026-03-05T10:57:59.006747,2,mobile payment
275,Awesome Plastic Shirt,21.62,9,Erin Holden,2026-02-27T15:45:45.276367,2,cash
276,Licensed Rubber Tuna,756.3,7,Robert Proctor,2026-01-20T06:23:14.876520,5,mobile payment
277,Handmade Keyboard,197.25,5,Hannah Chavez,2026-03-10T15:15:21.613663,5,debit card
278,Rubber Bacon,514.65,2,Sean Gutierrez,2026-01-29T05:40:38.655790,3,credit card
279,Unbranded Ball,634.48,7,James Hinton,2026-02-12T00:06:58.711697,3,mobile payment
280,Concrete Bike,852.44,7,Kelly Cruz,2026-02-01T00:30:42.147429,4,debit card
281,Rubber Salad,504.44,9,Charles Richardson,2026-03-09T19:19:24.927246,3,credit card
282,Salad,224.32,3,Christopher Gonzalez,2026-02-20T00:28:23.962083,4,debit card
283,Sausages,741.87,5,Linda Flores,2026-03-16T08:58:44.292305,1,debit card
284,Unbranded Wooden Gloves,807.55,1,Jeffrey Carroll,2026-01-17T09:04:03.741759,1,debit card
285,Metal Tuna,926.88,3,Edwin Williams,2026-02-16T20:31:50.572845,4,cash
286,Cotton Car,879.44,10,Rodney Martinez,2026-02-07T03:59:29.382391,1,cash
287,Small Table,885.69,2,Barry Cervantes,2026-03-03T19:53:20.959590,4,mobile payment
288,Soap,601.18,6,Brittany Esparza,2026-03-04T18:04:29.980681,4,mobile payment
289,Pants,391.93,10,Samuel Palmer,2026-01-05T13:28:06.393210,5,cash
290,Rustic Frozen Shoes,337.08,7,Carolyn Espinoza,2026-02-09T19:04:39.858106,2,debit card
291,Rubber Fish,491.21,2,Dr. Walter Lewis,2026-02-24T04:43:12.310889,2,debit card
292,Bike,930.54,8,Aaron Allen,2026-03-01T19:39:11.951884,1,debit card
293,Pizza,409.39,6,Kimberly Morris,2026-02-20T02:08:54.866097,2,mobile payment
294,Pants,726.82,1,Jamie Rivera,2026-01-03T14:55:33.517206,5,credit card
295,Tasty Frozen Fish,330.27,10,Christian Jackson,2026-03-08T12:05:10.485175,4,cash
296,Soap,608.19,2,Amy Miller,2026-01-17T08:50:09.863154,2,mobile payment
297,Fantastic Car,793.34,3,Frederick White,2026-01-16T07:11:57.375856,5,cash
298,Fresh Pizza,984.21,7,Kristy Ruiz,2026-01-15T23:39:02.686520,3,debit card
299,For repair Cotton Fish,650.66,6,Carl Anderson,2026-02-08T00:02:16.467489,4,debit card
300,Tasty Towels,283.79,9,Eugene Evans,2026-02-15T03:16:24.388924,3,mobile payment
301,Practical Pizza,113.21,3,Kathryn Lopez,2026-03-03T10:41:27.759720,3,debit card
302,Tasty Keyboard,850.07,5,Sandra Mann,2026-02-05T10:35:56.690394,4,debit card
303,Ergonomic Steel Car,561.57,1,Jeffrey Rodriguez,2026-01-10T15:52:44.085902,3,credit card
304,Concrete Pizza,550.85,7,Shannon Ponce,2026-02-04T20:46:44.539643,1,cash
305,Gently Used Fresh Fish,357.31,1,Wanda Wilson,2026-01-09T02:19:51.045442,4,cash
306,Granite Chicken,612.77,4,Alan Fleming,2026-02-15T11:26:28.228529,2,mobile payment
307,Rustic Gloves,539.5,3,Kimberly Carpenter,2026-02-05T08:36:53.335169,4,debit card
308,Salad,386.71,1,Jonathan Bailey,2026-01-31T05:49:10.418281,3,credit card
309,Fresh Ball,171.49,3,Denise Mckenzie,2026-03-02T05:14:05.182226,5,debit card
310,Licensed Concrete Table,144.8,6,Alejandro Ward,2026-03-01T06:09:07.485487,1,cash
311,For repair Shirt,251.62,2,Amanda Turner,2026-03-15T13:45:53.641693,2,cash
312,Ball,912.15,9,Jon Baker,2026-01-02T00:35:56.554708,4,debit card
313,New Towels,340.2,3,Jennifer Sanders,2026-02-18T08:55:55.329602,3,cash
314,Ball,439.85,8,James Brady,2026-01-31T12:48:45.280744,3,cash
315,Sausages,300.93,7,Betty Quinn,2026-03-16T01:05:59.200189,4,debit card
316,Tasty Concrete Hat,960.28,6,James Robinson,2026-02-26T15:07:33.920168,4,debit card
317,Table,809.57,10,Jason Newman,2026-01-15T20:41:54.208504,4,debit card
318,Gently Used Concrete Cheese,447.74,1,Devin Olson,2026-01-14T20:03:22.280221,5,credit card
319,Used Bacon,14.74,7,Kenneth Arnold,2026-02-05T00:35:01.878785,1,cash
320,Wooden Chicken,641.55,3,Kelly Mason,2026-01-25T10:47:18.760106,2,mobile payment
321,Cotton Sausages,27.83,6,Paige James,2026-01-17T14:37:58.740680,1,credit card
322,Intelligent Rubber Chair,786.71,6,Deanna Webb,2026-01-06T05:14:30.113279,5,mobile payment
323,Handmade Steel Shirt,288.74,3,Aaron Burke,2026-01-13T13:51:03.423250,2,debit card
324,Cheese,507.54,9,Alexa Brewer MD,2026-03-12T02:22:20.861041,2,debit card
325,Metal Cheese,294.48,7,Mary Brown,2026-01-14T13:42:42.033999,4,debit card
326,Fresh Shoes,790.45,5,Elizabeth Porter,2026-02-08T08:14:17.168829,1,credit card
327,Wooden Soap,793.64,7,Yesenia Wilson,2026-02-23T17:15:45.248313,1,credit card
328,Rubber Computer,876.82,10,Mrs. Deborah Baxter,2026-02-01T20:00:36.947236,2,debit card
329,New Wooden Keyboard,539.61,2,James Smith,2026-01-26T01:00:46.099107,1,credit card
330,Salad,356.08,1,Melissa Cooper,2026-02-26T17:33:39.225868,3,cash
331,Concrete Chips,354.6,4,Jacqueline Lee,2026-01-24T21:45:44.377666,3,debit card
332,Fantastic Granite Pants,999.34,1,Darius Fisher,2026-02-06T02:39:23.666526,4,mobile payment
333,Plastic Towels,189.56,8,Mary Phillips,2026-03-04T02:51:13.705261,3,cash
334,Computer,92.74,3,Larry Taylor,2026-02-17T16:46:42.684664,2,mobile payment
335,Concrete Shirt,367.9,2,Michael Jones,2026-01-03T22:11:57.361244,3,cash
336,Ergonomic Concrete Chicken,522.15,3,Jorge Jones,2026-02-27T22:55:12.958155,3,debit card
337,Soft Sausages,846.51,3,Jill Stark,2026-02-17T00:00:29.655906,1,credit card
338,Licensed Bacon,315.0,8,Colleen Fry,2026-01-11T00:40:58.415373,5,mobile payment
339,New Fresh Salad,377.73,6,Lisa Fernandez,2026-02-04T15:07:10.785301,2,debit card
340,Gloves,267.32,4,Joseph Brown,2026-01-16T05:51:41.404353,4,mobile payment
341,Refined Shirt,893.76,10,Lisa Henderson,2026-02-14T03:37:11.215376,5,mobile payment
342,Rustic Fresh Bacon,518.38,2,Kyle Cunningham,2026-03-12T07:36:17.657790,2,credit card
343,Chair,719.3,7,Leslie Pham,2026-01-31T21:56:50.233057,4,cash
344,Rustic Frozen Chair,712.88,7,Michael Durham,2026-01-08T11:35:59.897260,1,mobile payment
345,Handcrafted Shoes,929.95,6,Christina Simmons,2026-02-19T13:57:37.073431,5,credit card
346,Chips,490.51,6,David West,2026-03-08T00:24:47.275944,2,credit card
347,Handcrafted Plastic Car,301.13,6,Craig Huynh MD,2026-01-21T18:56:07.050657,2,mobile payment
348,Fantastic Salad,452.31,3,Christopher Norman,2026-01-24T06:09:18.038786,5,cash
349,New Metal Computer,6.16,8,Taylor Castillo,2026-01-19T00:16:25.959690,5,cash
350,Intelligent Wooden Fish,858.8,4,Sarah Lewis,2026-01-27T20:15:50.544110,3,debit card
351,Gently Used Plastic Car,727.11,4,Richard Patel,2026-01-17T04:03:01.454753,3,cash
352,Practical Plastic Chair,805.6,2,Kelly Rose,2026-02-13T05:26:31.051863,4,mobile payment
353,Metal Pants,845.24,9,Jay Newton,2026-02-17T23:09:23.298698,5,mobile payment
354,Sleek Metal Bacon,42.61,9,Lisa Richmond,2026-01-12T13:31:20.271654,4,debit card
355,Handmade Salad,388.67,6,Jeffrey Villegas,2026-02-15T01:20:54.235731,1,cash
356,Pants,262.96,7,Tracy Jackson,2026-01-08T01:31:24.573568,2,cash
357,Sleek Gloves,62.82,2,Cynthia Kelly,2026-01-12T20:14:02.391972,5,debit card
358,Bike,268.81,9,Thomas Merritt DDS,2026-03-01T04:44:12.911865,4,mobile payment
359,Table,705.14,9,Rebecca Wood,2026-02-05T20:51:41.001690,3,cash
360,For repair Tuna,953.7,9,Jasmine Rogers,2026-01-04T15:18:42.204949,5,credit card
361,Practical Frozen Table,721.07,7,John Turner,2026-03-15T09:46:22.730695,2,mobile payment
362,Granite Soap,706.59,9,Lisa Frederick,2026-03-12T14:52:38.053894,2,credit card
363,Metal Car,646.88,1,Angela Bond,2026-02-21T12:23:59.931499,1,credit card
364,Ball,895.81,1,Christopher Brown,2026-03-16T12:03:04.458990,1,credit card
365,Car,52.45,7,Kristi White,2026-01-04T07:49:13.392616,2,debit card
366,Refined Cotton Computer,38.48,8,Brandi Turner,2026-01-09T07:04:40.120602,4,debit card
367,Handcrafted Bacon,734.07,8,Jacqueline Weber,2026-03-08T01:02:47.435569,1,cash
368,Cotton Computer,723.46,1,Deborah Smith,2026-02-15T09:26:24.179832,4,mobile payment
369,Cotton Fish,166.4,4,Diane Morgan,2026-01-30T09:26:04.354242,4,mobile payment
370,Cotton Tuna,272.5,4,Steve Williams,2026-01-01T12:45:37.304302,5,cash
371,Gently Used Steel Car,434.58,6,Christopher King,2026-02-09T09:21:42.692135,3,cash
372,Handcrafted Bacon,960.66,9,Barbara Woods,2026-01-28T18:20:28.684749,3,credit card
373,Granite Chair,635.34,5,Edwin Bryan,2026-01-19T22:31:04.925264,5,mobile payment
374,Concrete Shirt,36.37,6,Noah Shaffer,2026-02-27T00:37:16.747443,1,debit card
375,Awesome Cotton Shirt,174.99,6,Jordan Chase,2026-02-23T15:40:33.236152,1,debit card
376,Licensed Tuna,249.05,1,Jorge Burton,2026-01-05T04:10:08.201958,2,mobile payment
377,Soap,613.51,10,David Todd,2026-03-10T18:30:48.938136,5,credit card
378,Gloves,594.7,1,Nicholas Gonzalez,2026-01-26T21:33:57.194837,4,credit card
379,Granite Chips,811.52,5,Bridget Mcknight,2026-03-15T03:45:53.369888,3,credit card
380,Tuna,204.72,7,Bruce Perez,2026-03-07T01:23:15.761992,2,cash
381,Computer,514.77,6,Alice Rodriguez,2026-03-14T22:23:19.124776,4,debit card
382,Unbranded Metal Gloves,351.93,6,Elizabeth Casey,2026-02-26T15:28:22.593228,2,mobile payment
383,Used Frozen Computer,176.24,1,Dylan Gibson,2026-03-09T02:43:45.557088,1,credit card
384,Chair,984.42,9,David Hartman,2026-02-22T20:15:27.894367,2,cash
385,Pizza,519.56,5,Brandon Stein,2026-02-19T11:40:12.641540,1,credit card
386,Small Plastic Towels,442.17,7,Amy Blevins,2026-01-12T09:25:59.435578,4,mobile payment
387,Wooden Pants,448.79,9,Henry Cox,2026-01-17T07:20:23.525924,1,credit card
388,Rustic Bike,480.45,1,Peter Hamilton,2026-01-17T20:58:51.908273,2,cash
389,Rubber Keyboard,288.4,10,Steven Proctor,2026-02-25T23:07:52.973940,1,cash
390,Metal Cheese,948.42,6,Jordan Nguyen,2026-03-12T03:10:43.221064,3,cash
391,Fresh Pants,873.88,6,Kenneth Horn,2026-03-16T11:22:55.567252,1,cash
392,Gloves,84.48,3,Michael Arnold,2026-01-24T22:30:59.164402,3,credit card
393,Concrete Towels,22.15,1,Kenneth Potter,2026-03-04T01:46:49.633780,1,cash
394,Rustic Cheese,509.96,4,Melanie Mitchell,2026-01-09T04:18:03.213960,4,mobile payment
395,Keyboard,724.18,10,Jessica Powell,2026-03-05T07:53:47.783396,4,cash
396,Tasty Granite Chair,883.63,8,Teresa Thomas,2026-03-07T07:50:38.717930,1,mobile payment
397,Unbranded Metal Shirt,750.98,6,David Hart,2026-03-14T15:55:38.952317,5,debit card
398,Handmade Soap,66.28,10,Mrs. Christine Wilson DDS,2026-01-13T18:22:02.646697,5,credit card
399,For repair Metal Shoes,432.56,1,Ronald Perez,2026-03-11T19:53:02.885038,2,credit card
400,Steel Chair,370.23,4,Heidi Berger,2026-01-09T13:32:26.080911,2,mobile payment
401,Computer,518.8,8,Christopher Gutierrez,2026-01-01T06:11:21.177342,2,credit card
402,Bacon,42.12,8,Daniel Reynolds,2026-02-17T17:49:09.213045,4,cash
403,Fantastic Keyboard,932.96,1,Diana Reeves,2026-03-07T09:21:41.060937,2,mobile payment
404,Hat,167.3,8,Patricia Robinson,2026-01-26T11:13:49.896892,2,credit card
405,Gorgeous Chicken,981.79,6,Toni Gonzalez,2026-03-15T05:20:32.796184,2,credit card
406,Metal Keyboard,629.34,5,Kelly Ray,2026-01-10T20:36:38.277037,2,credit card
407,Computer,470.47,1,Susan Blackwell,2026-01-28T12:40:42.923135,3,debit card
408,Gently Used Frozen Computer,524.05,6,Robert Olson,2026-02-24T03:31:57.118428,1,debit card
409,Keyboard,309.89,1,Juan Myers,2026-02-14T01:16:14.497450,2,debit card
410,Tasty Cotton Cheese,825.5,1,Daniel Jones,2026-01-30T23:37:19.012453,2,mobile payment
411,Handcrafted Frozen Car,530.9,8,Andrew Cook,2026-01-25T10:39:12.318552,1,cash
412,Wooden Fish,873.57,10,Julie Mitchell,2026-01-05T02:57:25.543046,5,cash
413,Tasty Bacon,533.85,2,John Ward,2026-02-28T03:29:46.564121,1,credit card
414,Chicken,92.87,10,Heather Hess,2026-02-25T22:01:54.308444,1,cash
415,Tasty Hat,229.3,4,Nicole Morris,2026-02-19T17:23:26.667915,5,mobile payment
416,Soft Hat,377.92,4,Charles Hurst,2026-01-07T02:32:04.367982,3,mobile payment
417,Plastic Chicken,626.98,6,Sarah Boyer,2026-01-10T03:54:46.706742,4,credit card
418,Fantastic Plastic Sausages,223.22,4,Emily Castillo,2026-02-07T00:21:59.009321,5,mobile payment
419,Frozen Shirt,787.2,5,Christine Gregory,2026-02-13T13:58:33.233217,4,credit card
420,Hat,236.1,10,Brandon Schultz,2026-01-03T19:17:35.781495,4,credit card
421,Concrete Sausages,770.19,9,Marcus Green MD,2026-02-15T19:51:56.685078,3,cash
422,Handcrafted Salad,679.01,7,Jay Davis,2026-01-05T14:53:09.123663,2,credit card
423,Granite Tuna,899.01,3,Lance Kennedy,2026-02-12T09:26:04.920638,1,cash
424,Unbranded Soft Mouse,775.99,9,William Gonzalez,2026-02-28T06:38:36.847908,3,debit card
425,New Metal Soap,304.84,4,Ashley Stevens,2026-01-15T20:17:04.101419,3,debit card
426,Towels,948.45,4,Brian Jordan,2026-03-16T05:31:46.173048,2,credit card
427,Practical Rubber Salad,191.39,9,Charles Warren,2026-02-16T13:18:31.887653,2,credit card
428,Refined Frozen Pants,766.51,10,Kimberly Kline,2026-02-05T07:20:13.629146,3,cash
429,Tasty Cotton Salad,907.31,8,Natalie Lopez,2026-01-20T13:57:08.498281,1,cash
430,Cheese,294.21,7,Tracy Jones,2026-01-07T03:15:49.693271,4,credit card
431,Soap,447.73,5,Felicia Smith,2026-02-10T13:55:34.879390,4,mobile payment
432,Generic Bike,472.67,6,Timothy Duran,2026-02-15T20:58:37.403348,5,debit card
433,Bacon,623.6,3,Vickie Avila,2026-02-22T07:43:14.484433,1,mobile payment
434,Tasty Cotton Ball,361.29,9,Erica Castillo,2026-03-10T03:13:22.515919,3,cash
435,Ergonomic Hat,194.81,8,Christopher Gordon,2026-02-09T00:45:23.035484,3,credit card
436,Handcrafted Fresh Mouse,121.85,2,Nicole Saunders,2026-03-07T19:45:22.814533,1,cash
437,Bike,906.54,6,Rhonda Rogers,2026-01-28T03:24:30.124702,4,debit card
438,Incredible Ball,492.04,4,Erik Morton,2026-01-17T08:56:42.658141,3,mobile payment
439,Incredible Wooden Bike,17.57,6,Roberto Miller,2026-03-07T04:34:15.569749,2,cash
440,Sleek Shoes,341.91,9,Gabriella Gonzalez,2026-01-12T09:19:37.126366,3,credit card
441,Mouse,558.39,9,Karen Marshall,2026-02-20T17:16:51.572617,5,mobile payment
442,Frozen Bike,389.91,4,Stephanie Herrera,2026-01-30T05:33:34.172940,1,debit card
443,For repair Ball,295.94,7,Matthew Gilbert,2026-01-17T12:19:25.259631,5,cash
444,Tasty Granite Fish,393.16,3,Kristina Barton,2026-03-12T14:42:59.298693,3,debit card
445,Soft Shoes,267.35,4,Robert Bennett MD,2026-01-23T19:58:59.913179,2,mobile payment
446,Rustic Frozen Soap,635.01,2,James Evans,2026-02-07T10:14:24.139250,1,cash
447,Used Car,998.89,10,Adam Day,2026-01-20T02:56:34.281617,5,mobile payment
448,Concrete Computer,496.84,6,Brandy Mcintosh,2026-01-21T23:27:40.703236,4,credit card
449,Keyboard,21.15,4,Rebecca Hudson,2026-02-18T17:40:53.805121,1,mobile payment
450,Cheese,87.83,10,Caroline Reeves,2026-01-06T03:46:53.347295,1,mobile payment
451,Shoes,900.41,1,Amy Gonzalez,2026-03-03T05:17:35.200022,3,mobile payment
452,Fantastic Car,117.04,10,Kenneth Bell,2026-02-12T18:50:31.863911,4,credit card
453,Soft Soap,654.78,5,Sarah Jackson,2026-03-09T15:43:33.202530,1,credit card
454,Shoes,584.54,3,Louis Mann,2026-02-06T20:00:50.382403,1,credit card
455,Handcrafted Soft Hat,369.92,3,John Schmidt,2026-03-05T19:39:29.910583,5,mobile payment
456,Sausages,24.79,6,Keith Owens MD,2026-01-05T06:57:36.865707,4,cash
457,Sausages,28.5,9,Daniel Schaefer,2026-01-07T06:53:54.349552,4,mobile payment
458,Handmade Hat,782.05,1,April Mcgee,2026-02-13T21:23:06.596058,2,mobile payment
459,Fresh Mouse,443.04,6,Steven Ross,2026-01-26T22:47:19.553304,3,credit card
460,For repair Granite Shirt,716.94,3,Alexandria Moss,2026-01-05T06:50:10.174722,5,debit card
461,Fresh Bacon,607.48,2,Joshua Taylor,2026-02-16T23:22:22.033467,4,cash
462,Metal Pants,121.51,9,Emily Rose,2026-03-03T16:23:32.261158,3,cash
463,Gently Used Metal Bike,587.57,6,Matthew Stein,2026-02-15T07:22:15.627660,3,debit card
464,Rustic Hat,842.93,3,Sarah Lewis,2026-03-11T19:10:16.068589,2,credit card
465,Shirt,291.84,2,Daniel Harris,2026-01-31T17:48:44.145616,3,mobile payment
466,Plastic Shirt,232.81,7,Tina Nguyen,2026-01-12T02:04:26.387138,3,cash
467,Generic Table,517.71,10,Amber Jones,2026-03-15T16:34:02.609639,2,mobile payment
468,Ergonomic Table,822.5,7,Mr. Vincent Wilson,2026-03-09T06:26:11.993941,1,mobile payment
469,Gently Used Frozen Shirt,312.44,10,Levi Green,2026-03-04T13:46:27.844723,4,credit card
470,Awesome Frozen Sausages,438.75,5,Patrick Fisher,2026-01-11T19:31:20.106854,4,debit card
471,Gently Used Frozen Chips,658.59,8,Richard Simon,2026-01-06T12:57:35.919065,4,cash
472,Pants,283.1,8,Carlos Mcgrath,2026-01-01T05:47:16.901240,1,debit card
473,Generic Chicken,843.71,5,Elizabeth Jones,2026-01-04T04:40:27.977922,2,credit card
474,Pizza,960.61,2,Sarah Benson,2026-02-28T15:22:39.598599,2,credit card
475,Bacon,145.22,9,Casey Rivera,2026-03-01T21:27:34.041293,1,debit card
476,Tasty Fresh Ball,371.71,10,Jacqueline Brown,2026-01-13T08:03:48.533337,1,credit card
477,Towels,691.27,10,Jeffrey Beck,2026-01-07T21:00:50.207149,5,debit card
478,Pizza,753.68,6,Erica Stewart,2026-02-02T14:04:50.222889,3,cash
479,Handmade Sausages,683.44,3,Lauren Ryan,2026-01-28T02:27:10.120213,4,credit card
480,Awesome Hat,858.8,9,Cheyenne Anderson,2026-01-19T15:42:29.005975,3,debit card
481,Tasty Frozen Fish,801.28,9,Luke Webb,2026-01-22T07:55:02.011993,1,mobile payment
482,Rustic Sausages,752.13,2,Benjamin Mitchell,2026-02-05T19:53:23.998934,1,cash
483,Granite Gloves,336.18,3,Donald Smith,2026-02-24T00:01:00.581172,2,credit card
484,Cotton Chair,779.16,10,Lori Chen,2026-02-12T00:36:56.561042,1,credit card
485,New Chair,930.59,1,Donna Phillips,2026-02-17T15:19:19.515011,4,credit card
486,Used Pizza,978.78,1,Paula Herrera,2026-01-17T17:07:56.437959,4,debit card
487,Shirt,211.12,1,Mary Montgomery,2026-02-26T20:01:47.767518,1,mobile payment
488,Metal Fish,401.98,9,Dawn Olsen,2026-01-08T17:46:33.491577,2,mobile payment
489,Used Chair,626.05,5,Kimberly Cameron,2026-01-10T07:49:41.094750,2,mobile payment
490,Intelligent Metal Ball,664.83,8,Justin Salazar,2026-01-03T17:48:44.600132,4,credit card
491,Handmade Fish,597.33,8,Alicia Reid,2026-01-04T18:16:16.378948,2,credit card
492,Fantastic Wooden Table,767.85,10,Amanda Mcknight,2026-03-06T12:41:28.814975,1,mobile payment
493,Awesome Steel Chair,571.29,4,Derrick Grimes,2026-02-15T19:21:03.066564,3,credit card
494,Bacon,286.44,1,Kathy Hansen,2026-02-18T23:14:14.875489,1,cash
495,Sleek Soap,33.84,7,Evan Duke,2026-01-10T13:39:51.796669,4,debit card
496,Awesome Bike,203.27,5,Thomas Young,2026-02-10T14:42:44.263267,1,mobile payment
497,Handcrafted Pizza,475.64,5,Christine Green,2026-03-13T04:01:23.332301,3,mobile payment
498,Refined Metal Sausages,99.55,6,Dawn Wilson,2026-02-12T05:28:25.433683,1,credit card
499,Sleek Car,48.02,2,Julie Bentley,2026-02-24T16:52:52.780952,2,cash
500,For repair Ball,25.22,6,Marie Rose,2026-02-14T01:54:48.711947,2,mobile payment
501,Concrete Fish,227.04,10,John Woods,2026-03-11T02:38:22.646770,3,debit card
502,Cotton Chair,946.94,8,Cole Schmidt,2026-01-26T22:26:06.115352,4,debit card
503,Used Bike,882.03,4,Jennifer Short,2026-01-26T22:07:03.476515,3,mobile payment
504,Ergonomic Rubber Salad,553.67,6,Sherry Moore,2026-02-18T09:42:30.599310,3,debit card
505,Licensed Chair,154.8,6,Susan Wallace MD,2026-01-23T18:37:56.697780,1,debit card
506,Cotton Bacon,953.27,4,Patrick Garcia,2026-02-18T05:06:20.140334,5,mobile payment
507,Frozen Hat,780.13,3,Cheryl Huff,2026-02-14T22:18:39.278390,1,cash
508,Chair,270.43,1,David Holloway,2026-01-30T20:34:14.986188,2,debit card
509,Small Towels,398.49,1,Matthew Norman,2026-02-27T07:31:25.893440,3,debit card
510,Pizza,407.96,2,Erin Dennis,2026-02-27T10:14:17.086344,2,cash
511,Refined Tuna,215.83,2,Elizabeth Frost,2026-03-10T23:28:46.969656,2,cash
512,Intelligent Fresh Chips,186.11,2,Melissa Sosa,2026-02-21T21:32:36.857924,5,debit card
513,Pants,67.6,8,Linda Anderson,2026-02-05T20:54:45.817889,4,cash
514,Granite Salad,595.96,8,Jaime Ray,2026-01-03T23:13:12.952910,4,debit card
515,Granite Keyboard,212.07,1,Tyler Harrison,2026-02-22T01:21:25.696916,4,cash
516,Wooden Chair,387.1,8,Anthony Weeks,2026-01-11T22:18:10.786451,1,credit card
517,Handmade Gloves,367.28,5,Paula Hernandez,2026-03-01T04:38:39.531367,2,credit card
518,Sleek Metal Soap,90.84,6,Shelly Jones,2026-01-03T14:56:44.620523,5,mobile payment
519,Licensed Salad,720.19,5,Allison Durham,2026-02-03T09:50:59.928995,5,debit card
520,Metal Salad,710.12,3,Virginia Skinner,2026-01-11T23:47:48.011721,4,debit card
521,Rustic Mouse,611.9,5,Heather Wilson,2026-01-14T20:33:52.515272,4,debit card
522,Practical Tuna,218.26,4,Allen Ware,2026-02-22T21:16:50.137091,5,mobile payment
523,Towels,120.13,7,Carlos Walker,2026-03-05T16:24:39.487077,2,mobile payment
524,Sausages,834.98,5,Shane Henderson,2026-02-25T14:20:56.104063,4,credit card
525,Fresh Mouse,415.89,8,Robert Kelly,2026-03-16T19:24:39.786980,5,mobile payment
526,Incredible Soft Soap,165.95,3,Monica Floyd,2026-02-16T13:01:42.101269,2,mobile payment
527,Practical Ball,938.66,5,Katie Williams,2026-01-06T03:32:39.786335,4,cash
528,Gorgeous Wooden Keyboard,729.69,3,Jennifer Hamilton,2026-03-02T03:12:31.502017,5,debit card
529,Hat,370.96,7,Cynthia Nielsen,2026-01-21T19:36:07.101549,1,credit card
530,Cotton Shoes,954.42,1,Amy Thomas,2026-01-17T06:03:18.206143,1,mobile payment
531,Handcrafted Chicken,503.99,2,Jose Bartlett,2026-01-17T23:07:09.678798,1,credit card
532,Handmade Frozen Shirt,891.27,10,Brenda Hudson,2026-02-07T12:26:58.994165,2,credit card
533,Metal Chicken,87.91,7,Jennifer Caldwell,2026-01-21T10:35:54.217341,5,cash
534,Rubber Pizza,465.22,10,Edwin Jordan,2026-03-11T18:10:38.687209,1,credit card
535,Rubber Shoes,428.32,4,Joseph Oneill,2026-02-17T14:56:14.349639,4,debit card
536,Hat,239.61,4,Donna Serrano,2026-01-18T16:00:25.622900,4,mobile payment
537,Incredible Tuna,538.73,7,Mario Giles,2026-02-20T10:32:44.210088,3,mobile payment
538,For repair Bacon,586.09,9,Danielle Singh,2026-03-13T13:03:58.549349,2,mobile payment
539,Generic Soap,119.06,9,Melvin Patel,2026-02-15T03:21:28.971967,1,debit card
540,Pizza,800.67,8,Robert Little,2026-01-11T03:53:14.347013,4,credit card
541,Gently Used Shoes,362.54,3,Brittany Ryan,2026-01-20T11:59:31.569530,1,mobile payment
542,Granite Table,5.23,5,John Zhang,2026-03-06T15:12:34.065022,3,mobile payment
543,Fantastic Table,236.38,10,Christopher Tucker,2026-01-14T22:33:58.132782,3,debit card
544,Sleek Rubber Gloves,703.8,5,Cameron Goodwin,2026-03-08T10:32:04.907931,2,debit card
545,Handcrafted Cotton Hat,667.24,10,Jamie Baker,2026-02-24T22:02:55.021844,3,credit card
546,Concrete Computer,149.98,3,Michael Mckinney,2026-02-06T13:11:37.712178,2,debit card
547,Frozen Pants,537.48,8,Barbara Anderson,2026-03-12T15:50:09.567919,5,debit card
548,New Rubber Gloves,288.23,6,Jennifer Smith,2026-02-01T17:08:29.263083,1,credit card
549,Rustic Granite Car,449.5,8,David George,2026-02-18T14:58:29.151447,3,cash
550,Cotton Bike,202.62,8,Carlos Smith,2026-02-18T03:48:35.538246,5,debit card
551,Cheese,682.22,8,Kimberly Rasmussen,2026-02-23T15:16:26.014270,4,debit card
552,Generic Table,252.95,5,Dr. Nicholas Krueger III,2026-03-14T02:55:52.784987,3,cash
553,Sleek Keyboard,158.08,7,Natasha Barber,2026-01-01T22:00:06.962217,5,mobile payment
554,Plastic Tuna,941.12,1,Luis Taylor,2026-02-22T01:32:55.485791,2,debit card
555,Fish,624.29,7,Aaron Booker,2026-01-18T08:12:46.204944,4,mobile payment
556,Practical Shoes,279.66,3,Adriana Fisher,2026-02-28T15:04:35.531336,4,cash
557,Practical Computer,583.91,2,Elizabeth Armstrong,2026-01-02T10:57:26.970322,1,debit card
558,Rustic Concrete Gloves,885.77,5,Nicole Jackson,2026-03-12T18:49:30.139607,4,mobile payment
559,Soft Fish,22.64,3,Patricia Acosta,2026-03-05T04:24:10.685112,3,cash
560,For repair Steel Pants,256.81,6,Lonnie Lowe,2026-01-17T11:49:00.423103,4,credit card
561,Ergonomic Steel Sausages,888.78,9,Richard Mendoza,2026-03-13T11:36:29.635363,4,credit card
562,Tasty Metal Chips,851.83,9,Laura Mathews,2026-03-04T03:09:28.162225,3,debit card
563,Rustic Frozen Keyboard,874.22,8,Elizabeth Flores,2026-03-04T17:08:32.514733,3,mobile payment
564,Practical Chips,237.2,8,Brandi Winters,2026-01-09T07:43:57.024665,2,cash
565,Hat,209.03,6,Abigail Vargas,2026-01-22T11:40:09.652165,1,cash
566,For repair Gloves,336.25,10,Patrick King,2026-03-12T22:07:28.083678,5,cash
567,Handcrafted Rubber Towels,787.04,9,Rachael Armstrong,2026-02-05T03:21:33.826083,5,cash
568,For repair Granite Hat,91.81,7,Sarah Gardner,2026-01-21T23:36:23.213952,2,cash
569,Intelligent Wooden Gloves,494.0,6,Douglas Kennedy,2026-01-21T21:26:01.191340,3,mobile payment
570,Wooden Chair,282.24,10,Shannon Elliott,2026-02-17T06:17:17.077883,1,mobile payment
571,Tasty Concrete Cheese,857.24,9,David Patterson,2026-03-08T09:07:48.746345,1,cash
572,Plastic Towels,15.83,10,Melanie Davies,2026-02-23T09:23:52.821006,3,credit card
573,Refined Frozen Towels,70.63,3,Kenneth Padilla,2026-02-04T15:45:20.055402,4,cash
574,Incredible Car,653.08,4,Diana Wilkinson,2026-02-10T01:50:41.893596,5,debit card
575,Unbranded Fish,0.74,9,James Davis,2026-01-28T09:29:47.969899,2,debit card
576,Awesome Granite Gloves,936.76,7,Malik Quinn Jr.,2026-01-08T16:44:27.524902,4,mobile payment
577,Handcrafted Granite Soap,104.83,4,Kevin Dyer,2026-01-01T04:11:06.756702,2,mobile payment
578,Handcrafted Tuna,939.64,2,Stephanie Chapman,2026-03-16T01:35:41.040179,5,cash
579,Licensed Plastic Chips,383.89,10,Jose Carter,2026-02-12T07:58:57.514323,5,cash
580,Generic Concrete Soap,132.23,9,Destiny Hendrix,2026-03-07T03:10:54.647455,5,debit card
581,Pants,817.43,5,Crystal Hines,2026-01-08T19:08:41.080916,4,credit card
582,Generic Frozen Sausages,19.07,5,Nathan Edwards,2026-01-07T23:01:54.126081,2,credit card
583,Small Towels,623.96,2,Linda Savage,2026-01-15T21:21:22.634087,2,mobile payment
584,Cotton Keyboard,576.71,10,Travis West,2026-01-20T01:55:32.022840,1,debit card
585,Pizza,282.69,7,Kevin Hooper,2026-02-01T14:01:03.691156,3,mobile payment
586,Refined Granite Gloves,101.05,2,Natalie Mcbride,2026-03-15T00:36:24.594249,5,cash
587,Small Car,179.01,10,Ruth Frederick,2026-02-07T06:18:27.356379,2,credit card
588,Bacon,88.6,2,Ian Sims,2026-02-12T12:12:41.123658,1,credit card
589,Keyboard,499.94,9,Lynn Bailey,2026-02-23T16:28:54.832909,2,mobile payment
590,Chair,854.68,4,Richard Hutchinson,2026-02-03T02:51:01.476967,2,cash
591,Incredible Steel Sausages,479.65,1,Megan Perez,2026-01-21T08:24:26.204000,2,credit card
592,Keyboard,177.19,2,Justin Mitchell,2026-01-31T01:03:09.988153,5,credit card
593,Car,691.33,1,Danny Mullins,2026-02-19T02:37:27.400242,4,debit card
594,Rubber Tuna,861.02,4,Monica Jackson,2026-02-18T09:50:35.517886,1,mobile payment
595,Cheese,216.99,8,Faith Hanson,2026-03-15T04:41:29.548660,1,debit card
596,Rustic Soft Cheese,917.73,1,Kevin Guerra,2026-02-02T15:04:26.884236,1,debit card
597,Granite Bacon,513.51,2,Angel Gray,2026-01-09T20:05:34.554732,1,cash
598,Gently Used Car,12.45,3,Megan Gardner,2026-02-21T15:10:11.072139,2,credit card
599,Sleek Car,937.22,6,Veronica Peterson,2026-03-09T11:49:17.586063,2,mobile payment
600,Refined Salad,223.5,7,John Ramirez,2026-01-07T03:40:01.482960,1,credit card
601,Frozen Keyboard,374.15,6,Eric Solomon,2026-01-30T13:40:01.018262,4,mobile payment
602,Granite Bike,754.21,2,Julie Miller,2026-01-17T00:21:55.943393,1,credit card
603,Cheese,691.7,6,Joseph Brown,2026-02-27T18:16:26.784225,2,credit card
604,Handcrafted Pizza,821.6,6,Janice Allen,2026-01-01T12:10:58.968456,3,debit card
605,Tuna,567.28,4,Wanda Fuentes,2026-03-12T17:33:16.216397,5,cash
606,Keyboard,405.0,4,Rhonda Hobbs,2026-02-03T08:55:40.441152,1,mobile payment
607,Plastic Computer,575.17,10,Gregory Stanton,2026-01-30T05:22:12.516517,2,mobile payment
608,Cotton Shoes,441.25,7,Jennifer Ramirez,2026-01-14T22:04:18.837616,5,credit card
609,Soap,358.4,9,Rebecca Watkins,2026-03-15T03:07:34.727851,4,credit card
610,Unbranded Concrete Computer,169.72,5,Audrey Wagner,2026-02-15T21:07:24.568425,5,debit card
611,Bacon,982.86,4,Kristen Smith,2026-01-27T23:09:40.085547,5,credit card
612,Chair,315.7,7,Robert Haas,2026-01-01T01:49:58.060683,3,cash
613,Incredible Concrete Soap,265.27,9,Justin Mejia,2026-02-17T11:27:06.968175,5,credit card
614,Small Soap,356.99,9,Bryan Lewis,2026-01-17T23:05:15.327111,1,credit card
615,Wooden Sausages,621.01,1,Sandra Bennett,2026-01-29T21:37:00.642372,4,credit card
616,Gorgeous Rubber Gloves,574.45,1,Sherri Anderson,2026-01-31T19:26:26.479194,1,mobile payment
617,Cheese,898.43,9,David Lewis,2026-01-25T16:13:20.828467,3,mobile payment
618,Licensed Metal Computer,469.07,6,Gail Jordan,2026-01-14T10:50:54.221885,5,mobile payment
619,Incredible Metal Ball,247.35,5,Janet Hampton,2026-03-01T09:11:19.450363,5,mobile payment
620,Sleek Granite Mouse,625.03,4,Bianca Mason,2026-03-10T12:48:44.320315,5,debit card
621,Intelligent Ball,766.84,6,James Reyes,2026-01-22T12:59:57.284246,3,cash
622,Hat,229.5,3,Kyle Grant,2026-02-10T01:02:09.107338,4,mobile payment
623,Granite Shirt,622.79,5,Richard Gutierrez,2026-01-28T02:19:32.383579,1,credit card
624,Steel Computer,372.36,8,William Everett,2026-01-31T09:40:40.375510,5,debit card
625,Chair,467.68,4,Antonio Ayers,2026-03-12T09:27:56.379651,4,credit card
626,Chair,964.94,10,Joseph Jones,2026-01-17T15:12:12.652393,3,debit card
627,Fresh Chair,752.12,1,Barbara Thompson,2026-01-30T18:35:00.117730,4,mobile payment
628,Licensed Tuna,579.63,2,Susan Acevedo,2026-02-10T19:11:48.632535,2,credit card
629,Fantastic Steel Computer,301.22,7,Lori Bailey,2026-02-20T07:10:20.211658,1,credit card
630,Handmade Rubber Gloves,426.32,4,Nicholas Wright,2026-03-03T16:39:00.180397,5,debit card
631,New Shirt,705.9,1,Jordan Long,2026-03-11T03:14:40.507038,5,cash
632,Fish,413.74,6,Kimberly Brown,2026-01-26T07:56:10.980195,2,credit card
633,Fresh Ball,354.24,1,Jessica Moran,2026-01-26T20:22:07.139977,2,debit card
634,Chair,187.87,6,Kimberly Jacobs,2026-02-06T19:16:34.751737,5,mobile payment
635,Salad,13.0,6,Heather Preston,2026-02-03T10:38:38.319218,3,cash
636,Tasty Pizza,179.61,1,Anthony Ramirez,2026-01-05T12:32:24.063924,1,debit card
637,Used Cotton Cheese,613.53,10,Shawn Davis,2026-01-14T16:43:14.542198,1,mobile payment
638,Rubber Towels,843.43,9,Zachary Williams,2026-03-01T20:36:07.489042,4,cash
639,Soap,639.11,8,Susan Martin,2026-03-13T01:11:40.426250,1,mobile payment
640,Intelligent Granite Table,508.57,5,Emily Costa,2026-03-05T06:24:17.627106,2,cash
641,Steel Soap,615.56,4,Melissa Parker,2026-03-09T01:37:01.881643,5,debit card
642,Steel Chips,760.8,10,Terry Bailey,2026-02-11T09:19:10.949162,5,debit card
643,Frozen Mouse,402.73,8,Adriana Owens,2026-01-14T21:35:04.714233,5,mobile payment
644,Intelligent Soft Pants,204.43,5,Gerald Powell,2026-02-13T21:46:08.015664,5,mobile payment
645,Fish,251.05,9,Catherine Walker,2026-01-22T17:21:34.204101,5,debit card
646,Cotton Chair,655.17,1,Gary Davis,2026-02-16T18:35:16.194974,1,cash
647,Rustic Gloves,750.32,4,Logan Woodard,2026-02-13T11:26:19.601545,4,cash
648,Salad,74.03,7,Taylor Boyd,2026-02-09T20:18:34.558172,3,debit card
649,Intelligent Concrete Chair,850.48,4,Melissa Kim,2026-03-11T10:31:19.778691,1,mobile payment
650,Refined Mouse,256.48,8,Tracy Stevens,2026-01-31T18:21:31.334787,2,credit card
651,Table,728.86,1,Amy Sims,2026-02-13T23:30:38.944398,1,mobile payment
652,Mouse,740.32,2,Lori Mitchell,2026-01-26T07:31:12.580683,3,credit card
653,New Sausages,207.45,7,Carrie Gibson,2026-01-07T03:34:28.604606,1,credit card
654,Practical Fresh Table,398.11,6,Gabriel Flores,2026-02-22T02:47:04.957428,3,debit card
655,Tasty Metal Chips,462.46,5,Kelly Gallagher,2026-01-05T10:01:23.680918,2,cash
656,Ergonomic Pizza,481.01,2,Ricky Kent,2026-01-19T03:52:26.869923,3,mobile payment
657,Cotton Soap,73.93,8,Brianna Rodriguez,2026-01-29T09:28:20.695138,1,debit card
658,Fantastic Bacon,147.58,9,Bryan Castro,2026-02-27T09:13:33.697475,2,mobile payment
659,Sleek Soap,658.59,4,John Gonzalez,2026-01-13T12:07:37.563649,4,mobile payment
660,Concrete Mouse,670.46,10,Melissa Kim,2026-01-27T16:18:15.333369,2,debit card
661,Soft Towels,794.66,10,Sydney Hayes,2026-03-08T14:03:24.681171,2,debit card
662,Used Shoes,927.09,2,Joseph Bryant,2026-03-06T07:45:29.294325,3,mobile payment
663,Table,108.23,1,Samuel Price,2026-02-15T18:01:18.217710,3,cash
664,Fantastic Bacon,703.08,8,Debra Guerrero,2026-03-02T00:13:32.178585,5,credit card
665,Unbranded Keyboard,39.22,4,Melissa Shelton,2026-02-17T13:54:09.989978,5,credit card
666,Gorgeous Shirt,372.58,3,Dana Brown,2026-02-19T15:05:23.932317,3,debit card
667,Ergonomic Bike,76.9,7,Mrs. Jennifer Marshall,2026-02-23T19:42:04.242721,5,cash
668,Ergonomic Fresh Chair,597.48,6,Sonya Horn,2026-02-02T12:16:42.666285,3,debit card
669,Computer,880.39,10,Angela Anderson,2026-01-15T18:39:11.735062,4,cash
670,Rustic Frozen Gloves,962.27,7,Virginia Garrett,2026-01-23T11:23:12.434148,4,credit card
671,For repair Keyboard,904.5,6,Audrey Hooper,2026-03-03T06:53:23.869843,5,credit card
672,Shoes,619.28,8,Karen Young,2026-03-09T18:07:22.180068,2,debit card
673,Handmade Plastic Chips,10.16,1,Richard Smith,2026-01-11T22:53:14.571947,5,credit card
674,Frozen Tuna,827.57,8,April Brown,2026-02-26T13:31:26.217047,5,cash
675,Soft Shirt,260.88,7,Emily Henderson,2026-02-07T20:12:55.055479,1,credit card
676,Metal Sausages,104.84,9,Brian Bowers,2026-03-07T19:32:13.335859,1,credit card
677,Rubber Bike,972.72,6,Wendy Green,2026-01-15T22:57:36.545238,5,credit card
678,Granite Hat,171.07,9,Jennifer Best,2026-01-23T03:36:24.061332,4,credit card
679,Handmade Cotton Pants,172.75,6,Darrell Medina,2026-03-05T01:29:28.881656,4,credit card
680,Rustic Cotton Fish,356.28,1,Regina Andrews,2026-01-13T17:06:43.151828,2,credit card
681,Unbranded Car,116.59,9,Mr. Larry Parker DDS,2026-01-21T22:11:14.076373,1,cash
682,New Pants,436.54,1,Eddie Sloan,2026-02-23T01:13:05.928674,3,mobile payment
683,Cotton Pants,88.56,9,Austin Day,2026-02-01T02:21:33.650905,4,credit card
684,Sleek Computer,16.21,4,Bobby Harris,2026-01-06T22:25:00.568642,1,cash
685,Sausages,170.62,3,Dawn Anderson,2026-02-06T22:19:41.475359,4,credit card
686,Metal Soap,895.09,9,Dustin Vasquez,2026-01-21T15:48:12.445414,3,credit card
687,Awesome Cotton Soap,393.74,4,Laura Gibson,2026-02-23T09:25:50.156721,4,cash
688,Refined Chips,483.13,10,Abigail Nguyen,2026-01-03T17:16:27.421836,2,mobile payment
689,Used Steel Car,846.54,4,Kyle Anderson,2026-02-07T09:19:48.980804,4,debit card
690,Used Bacon,548.78,6,Robert Garcia,2026-03-15T15:38:31.111889,3,credit card
691,Gloves,786.56,6,Stephanie Gordon,2026-01-29T05:57:53.673787,5,cash
692,New Steel Ball,508.3,8,Shawn Ritter,2026-02-26T00:20:52.991937,2,debit card
693,Rubber Ball,385.73,9,Amy Thompson,2026-01-23T12:08:38.021433,2,debit card
694,Handcrafted Chicken,928.11,4,Christopher Wilson,2026-01-16T03:50:21.729782,5,mobile payment
695,Gently Used Chicken,261.98,5,Cheryl Williams,2026-01-21T19:30:06.758349,4,mobile payment
696,Shoes,52.88,6,Heather Anderson,2026-01-16T05:21:26.674817,4,debit card
697,Incredible Gloves,698.5,7,Kyle Hernandez,2026-02-11T21:22:50.614833,3,cash
698,Ergonomic Table,562.22,3,Kyle Rodriguez,2026-01-13T08:48:01.712649,3,mobile payment
699,Ball,209.07,3,David Phillips,2026-01-10T14:57:36.954369,2,debit card
700,Handmade Rubber Soap,823.91,3,Tara Parker,2026-02-02T00:07:45.982384,4,credit card
701,Fantastic Tuna,420.69,7,Brian Burns,2026-01-09T17:24:13.828201,2,mobile payment
702,Pants,76.01,8,Michael King,2026-02-19T10:54:01.369559,4,mobile payment
703,Bike,841.7,9,Alexis Wagner,2026-01-12T00:07:01.327299,2,cash
704,Handmade Metal Shoes,60.19,1,Megan Smith,2026-02-16T13:16:19.825766,2,credit card
705,Gently Used Towels,618.6,3,Oscar Oneal,2026-02-25T18:18:14.935735,1,credit card
706,Sausages,646.02,3,Justin Gonzales,2026-03-16T09:37:04.706891,2,cash
707,New Soap,354.72,3,Jesse Sims,2026-03-02T13:30:10.055846,5,credit card
708,Ball,253.47,8,Laura Conrad,2026-01-17T11:36:15.002434,3,cash
709,Fantastic Soft Pants,0.99,1,Lorraine Rocha,2026-02-25T04:54:20.642898,2,debit card
710,Chair,45.78,6,Courtney Murray,2026-01-13T02:07:12.974810,1,mobile payment
711,Pizza,203.01,10,Vanessa Miller,2026-03-01T12:45:19.275797,5,mobile payment
712,Practical Sausages,819.07,5,Charles Wall,2026-03-14T12:35:33.205075,3,mobile payment
713,Metal Bacon,196.12,9,Kaitlin Deleon,2026-02-26T07:13:47.250101,1,credit card
714,Wooden Pants,647.03,6,Ryan Hunter MD,2026-01-31T02:24:29.499725,2,debit card
715,Incredible Frozen Ball,358.16,5,Kenneth Barnes,2026-01-26T17:27:59.049427,3,credit card
716,Metal Car,313.04,5,Patricia Beard,2026-03-03T12:54:09.215485,5,mobile payment
717,Steel Chips,195.43,9,Dawn Harrison,2026-02-18T15:05:29.589626,1,mobile payment
718,Shirt,191.83,9,Charles Adkins,2026-02-21T07:17:14.407470,4,cash
719,Unbranded Soft Pants,940.31,5,Richard Price,2026-03-09T01:19:14.098441,1,credit card
720,Pants,206.94,7,Mary Wheeler,2026-01-06T19:22:36.306144,3,debit card
721,Gently Used Gloves,682.49,7,Arthur Davis,2026-02-26T10:23:46.940524,2,credit card
722,Fresh Ball,467.87,8,Jason Anderson,2026-02-03T12:45:53.330055,4,credit card
723,Rustic Keyboard,549.51,10,Lisa Roberts,2026-01-22T06:19:00.534662,3,cash
724,Tasty Mouse,798.52,10,Robert Richardson,2026-02-16T10:23:47.053138,2,cash
725,Fantastic Bacon,363.68,3,Lisa Parsons,2026-01-14T09:27:05.789519,4,credit card
726,Mouse,359.15,2,Jacqueline Martinez,2026-03-14T04:34:37.115481,3,mobile payment
727,Cheese,238.82,6,Allison Robinson,2026-01-24T16:03:08.425808,1,credit card
728,Practical Shirt,852.06,1,Joseph Christian,2026-02-03T20:43:30.490458,5,cash
729,Pants,619.18,5,Roger Smith,2026-02-20T09:44:38.824613,4,credit card
730,Licensed Chicken,203.36,2,Jessica Waters,2026-03-05T00:44:24.180258,1,credit card
731,Licensed Soap,667.71,7,Jamie Mack,2026-02-14T16:15:22.778906,2,credit card
732,Sleek Car,436.25,1,David Schmidt,2026-03-12T06:09:00.049647,1,cash
733,Steel Chips,0.6,5,Tiffany Weber,2026-03-06T08:24:49.020004,4,credit card
734,Handmade Rubber Ball,537.05,10,Jordan Harris,2026-02-03T12:00:33.548377,3,mobile payment
735,Computer,523.98,6,Elizabeth Griffith,2026-01-06T03:05:21.298380,3,mobile payment
736,Plastic Keyboard,68.24,2,Blake Townsend,2026-01-30T09:06:43.343638,2,debit card
737,Bacon,784.01,8,Hunter Guerrero,2026-02-08T19:16:44.936024,5,credit card
738,Gently Used Plastic Car,740.09,1,Carlos Howell,2026-02-02T14:33:43.591518,4,mobile payment
739,Rubber Chair,176.64,2,Mrs. Miranda Beltran DVM,2026-01-12T01:34:19.126681,2,cash
740,Licensed Steel Mouse,640.04,7,Christopher White,2026-01-01T16:34:32.894439,1,mobile payment
741,Generic Gloves,413.86,1,George Romero,2026-03-12T02:52:14.119107,2,credit card
742,Sausages,867.75,10,Joanne Nicholson,2026-01-08T09:24:08.949048,5,mobile payment
743,Fresh Towels,968.75,5,Troy Webster,2026-02-07T17:24:03.119322,1,debit card
744,Incredible Metal Mouse,241.99,1,Rhonda Anderson,2026-02-20T13:11:32.863641,3,cash
745,Incredible Wooden Car,552.86,8,Anthony Petersen,2026-01-22T21:57:11.211370,4,debit card
746,Granite Pants,343.86,4,Amy Blake,2026-03-16T01:25:46.650975,1,cash
747,Handmade Pants,186.75,1,Randy Mccormick,2026-03-11T21:53:50.865073,3,cash
748,Frozen Chair,384.25,8,Tasha Tucker,2026-03-08T07:01:48.750410,2,credit card
749,Metal Ball,247.48,7,Stephen Delacruz,2026-02-05T08:32:32.456261,4,credit card
750,Fish,217.9,2,Nicole Middleton,2026-01-17T08:36:47.838470,3,debit card
751,Ergonomic Fresh Shirt,95.23,1,Sara Wells,2026-01-07T00:43:28.482304,3,cash
752,Sausages,366.23,4,Teresa Torres,2026-01-30T22:49:42.376953,5,cash
753,Frozen Pants,55.46,10,Mark Mejia,2026-02-02T22:06:19.135255,2,credit card
754,Small Salad,273.26,7,Miss Tara Williams,2026-01-28T13:47:12.610827,3,debit card
755,Towels,670.21,9,Nicholas Thompson,2026-02-14T23:14:19.648869,4,mobile payment
756,Metal Fish,676.27,1,Christine Newton DDS,2026-01-29T17:10:12.881922,2,credit card
757,Used Mouse,661.75,5,John Bowman,2026-02-04T15:29:44.217052,1,debit card
758,Rustic Chips,115.83,6,Susan Warren,2026-01-08T21:30:27.852705,5,debit card
759,Ball,931.08,9,Kevin Craig,2026-02-11T02:26:19.201170,5,mobile payment
760,Plastic Tuna,288.52,8,Matthew Stark,2026-01-22T08:22:21.748374,1,cash
761,Cheese,711.63,3,Kevin Monroe,2026-02-22T08:24:59.936005,1,debit card
762,Handmade Steel Salad,440.92,7,Jason Russell,2026-03-11T14:24:31.520397,1,credit card
763,Handcrafted Salad,998.64,2,Michelle Watson,2026-02-26T10:53:17.865334,5,debit card
764,Incredible Mouse,629.25,10,William Molina,2026-01-15T03:48:32.417547,1,credit card
765,Soft Pizza,970.95,1,Susan Duncan,2026-03-01T04:29:51.899174,1,debit card
766,Gorgeous Mouse,493.63,1,Mark Benson,2026-01-21T13:47:20.961822,3,mobile payment
767,For repair Concrete Salad,873.2,2,Heidi York,2026-02-12T07:31:02.092251,2,cash
768,Practical Bacon,73.06,9,Gabriel Lawrence,2026-02-12T11:17:47.943442,2,cash
769,For repair Rubber Pants,790.14,9,Nicholas Price,2026-02-01T09:45:27.565466,3,debit card
770,Handcrafted Frozen Tuna,311.08,6,Bryan Hamilton,2026-02-24T18:04:28.863766,2,cash
771,Cheese,795.07,6,Nancy Aguilar,2026-01-20T10:50:43.584716,5,credit card
772,Tasty Cotton Mouse,683.33,3,Jocelyn King,2026-02-14T02:09:44.632519,3,credit card
773,Unbranded Soft Chair,723.44,10,Elizabeth Wright,2026-01-31T00:06:35.470420,4,debit card
774,Ball,458.12,5,Kimberly Leblanc,2026-01-18T13:57:55.776257,2,credit card
775,Concrete Cheese,992.55,5,Kayla Chavez,2026-01-27T07:30:57.301402,3,credit card
776,Pants,703.56,8,Edward Boyd,2026-02-05T15:01:57.554106,4,debit card
777,Awesome Fish,991.67,6,John Sutton,2026-01-19T07:50:05.040605,1,debit card
778,Bike,789.82,4,Michael Richardson,2026-02-12T21:34:26.406048,1,mobile payment
779,Sleek Metal Bike,321.12,6,Adam Compton,2026-03-09T07:20:45.602561,5,cash
780,Pants,984.72,2,Brianna Webb,2026-01-03T13:10:29.061129,3,cash
781,Fresh Pizza,39.15,5,Maria Dudley,2026-01-15T18:29:01.559016,5,mobile payment
782,Licensed Plastic Chips,168.73,10,Christine Fields,2026-01-08T07:15:24.847830,5,credit card
783,Unbranded Computer,332.94,3,Jeffrey Frazier,2026-03-04T15:20:08.896472,4,debit card
784,Incredible Cheese,274.82,1,Taylor Rhodes,2026-02-03T01:22:53.896853,5,cash
785,Metal Chair,253.56,3,Nicole Wells,2026-01-25T10:38:51.550010,3,mobile payment
786,Handmade Car,548.84,4,Seth Morris,2026-02-13T12:25:18.557580,3,credit card
787,Plastic Sausages,959.51,10,Anthony Cole,2026-03-02T02:35:44.498288,2,credit card
788,Metal Mouse,92.12,6,Sharon Sanchez,2026-03-06T03:16:29.060724,5,debit card
789,Plastic Sausages,73.2,8,Edward Perez,2026-01-13T23:02:21.640741,5,debit card
790,Refined Soft Chips,185.74,9,Peter Moreno,2026-02-03T23:57:14.416467,5,credit card
791,Gloves,131.77,5,Michael Martinez,2026-01-24T01:15:20.056025,4,cash
792,Gorgeous Metal Chicken,517.72,7,Alexandria Hart,2026-02-17T05:34:22.188270,4,credit card
793,Used Plastic Table,819.82,6,Austin Gutierrez,2026-01-30T09:47:30.515199,1,cash
794,Shirt,817.08,7,John Williams,2026-03-15T18:49:05.661958,3,credit card
795,Sausages,240.53,5,Anthony Sanders,2026-02-12T22:58:52.594505,2,debit card
796,Plastic Gloves,407.35,3,Micheal Holmes,2026-02-23T01:42:56.357579,3,credit card
797,Metal Shoes,721.31,1,Jose Valencia,2026-03-01T09:07:59.151101,3,mobile payment
798,Handmade Rubber Car,187.05,3,Anthony Schmidt,2026-02-01T06:45:13.519724,4,debit card
799,Refined Plastic Bike,204.4,6,Zachary Thomas,2026-02-15T11:05:53.776920,4,credit card
800,Frozen Bacon,932.16,3,Joshua Snyder,2026-01-22T09:52:32.305346,4,credit card
801,Fantastic Cheese,779.35,1,Michael Haynes,2026-02-16T03:29:26.255110,1,debit card
802,Ergonomic Granite Table,788.41,8,Jenny Perry,2026-01-04T08:10:20.584072,5,mobile payment
803,Handmade Keyboard,164.35,2,Timothy Elliott,2026-01-22T18:19:34.705685,5,debit card
804,Computer,192.98,3,Paul Johnson,2026-02-21T13:17:50.586364,2,debit card
805,Intelligent Steel Ball,626.73,10,Brittany Duran,2026-01-31T10:23:37.801585,2,debit card
806,Soft Shoes,684.34,2,Benjamin Gamble,2026-01-23T17:10:29.260482,2,debit card
807,Rubber Bacon,751.77,4,Jasmine Rhodes,2026-01-17T14:28:31.768791,5,credit card
808,Handcrafted Cheese,203.17,3,Barbara Cruz,2026-03-04T15:30:12.284208,3,mobile payment
809,Granite Fish,670.99,3,Daniel Diaz,2026-01-18T21:05:51.510534,5,debit card
810,Small Fresh Shoes,39.77,4,Sharon Mitchell,2026-03-05T04:47:38.639834,1,mobile payment
811,New Bike,122.75,8,Gerald Buck,2026-01-09T04:52:06.229015,1,debit card
812,Rubber Mouse,832.43,3,Monique Jackson,2026-02-04T22:25:34.614323,4,mobile payment
813,Granite Shirt,500.17,5,Jennifer Weber,2026-01-17T20:46:14.980186,3,mobile payment
814,Fantastic Rubber Chair,799.05,2,Ana Thomas MD,2026-02-02T05:21:54.665689,4,mobile payment
815,Gorgeous Hat,813.4,9,Robert Perez,2026-01-13T22:21:38.482867,4,cash
816,Fantastic Concrete Bacon,422.32,10,Justin Hansen,2026-03-14T22:16:22.913866,4,mobile payment
817,Cotton Sausages,587.72,1,Kathryn Lopez,2026-01-13T00:31:30.087965,1,debit card
818,Gently Used Steel Sausages,274.84,5,Felicia Torres,2026-01-17T09:25:27.955805,3,mobile payment
819,Refined Pants,534.58,1,Aaron Ray,2026-02-21T05:32:15.678199,5,cash
820,Licensed Plastic Hat,611.69,1,Daniel Carter,2026-01-10T15:03:10.377332,5,credit card
821,Intelligent Bacon,450.67,4,Christina Thompson,2026-01-29T13:09:21.892817,5,debit card
822,Handmade Frozen Shoes,325.46,10,David Gutierrez,2026-03-03T21:07:45.152945,2,credit card
823,Soap,341.94,8,Elizabeth Moon,2026-02-21T10:32:02.761638,4,debit card
824,Handmade Concrete Table,966.94,9,Rachel Lin,2026-02-20T01:04:22.370824,1,mobile payment
825,Used Fresh Gloves,615.47,4,Kenneth Montoya,2026-01-28T09:17:48.676406,3,cash
826,Licensed Mouse,821.69,9,Mark Guerrero,2026-01-08T13:22:37.010632,1,mobile payment
827,Keyboard,103.3,6,Christopher Webb,2026-02-26T19:09:17.791422,1,cash
828,Frozen Shirt,386.02,7,James Johnson,2026-02-09T10:19:12.134781,3,cash
829,Fantastic Gloves,730.15,8,Stephen Jones,2026-01-02T16:48:51.841154,5,credit card
830,Shoes,326.65,7,Daniel Castro,2026-02-08T05:42:22.443784,4,debit card
831,Concrete Computer,783.63,6,Christian Walker,2026-02-09T09:26:40.722429,3,debit card
832,For repair Concrete Chips,631.41,2,Veronica Hicks,2026-02-04T10:27:00.022365,2,mobile payment
833,Rubber Pants,794.84,1,Charles Peterson,2026-01-03T22:58:56.231312,1,credit card
834,Ball,495.35,1,Nicole Gilbert,2026-01-14T13:58:53.534344,1,mobile payment
835,Sausages,34.43,4,John Bryant,2026-03-08T22:41:31.249258,3,credit card
836,Gloves,322.65,3,Sabrina Parks,2026-03-07T01:39:55.760823,1,mobile payment
837,Chair,5.08,2,Rhonda Alexander,2026-02-18T14:15:42.872529,3,cash
838,Bike,257.1,3,Christine Martinez,2026-03-07T09:43:31.475110,4,credit card
839,Awesome Plastic Chicken,239.25,6,Catherine Smith,2026-03-10T11:20:11.989874,2,credit card
840,Licensed Gloves,503.67,1,Christina Mills,2026-02-13T06:35:18.658288,2,debit card
841,Shoes,229.48,3,Sharon Campbell,2026-02-23T12:30:05.874472,2,mobile payment
842,Fantastic Fresh Tuna,97.54,10,Ashley Harrell,2026-02-19T20:42:12.088819,2,mobile payment
843,Soft Mouse,910.65,5,Brian Garcia,2026-02-17T23:51:14.503510,2,debit card
844,Sleek Soap,452.2,5,Donna Moore,2026-01-31T01:08:20.113136,2,cash
845,Unbranded Pizza,30.83,2,Colleen Meza,2026-02-25T08:22:37.350825,5,cash
846,Sleek Pants,655.46,8,Tiffany Velasquez,2026-02-17T14:48:14.069447,3,debit card
847,Fantastic Soap,521.6,6,Ian Johnson,2026-02-03T23:33:25.670053,4,mobile payment
848,Chips,590.75,2,Mr. Matthew Pope,2026-02-17T18:24:52.667894,3,credit card
849,Incredible Steel Soap,203.4,1,Kristi Jackson,2026-01-18T04:32:05.357388,2,mobile payment
850,Soft Towels,272.45,2,Susan Chavez,2026-01-26T17:00:34.675179,1,credit card
851,Sleek Sausages,390.97,7,Alex Byrd,2026-03-14T13:45:47.398650,1,mobile payment
852,Gorgeous Chair,251.77,7,Jacqueline Davis,2026-02-25T03:32:39.354730,4,cash
853,Metal Gloves,538.13,5,Lynn Johnston,2026-02-19T14:51:10.995998,2,cash
854,Generic Frozen Tuna,709.63,1,Alexis Perez,2026-01-01T22:30:09.420596,1,credit card
855,Tuna,158.05,10,Amy Ochoa,2026-01-26T13:42:47.858506,2,debit card
856,Handmade Tuna,4.25,2,Krystal Brown,2026-01-03T13:48:19.737529,2,mobile payment
857,For repair Chicken,467.16,5,Shelby Blevins,2026-01-24T23:46:51.496064,1,credit card
858,Concrete Fish,704.85,1,Deanna Gonzales DDS,2026-02-15T14:24:44.269086,4,credit card
859,Bacon,135.04,1,Molly Lewis,2026-02-15T14:56:42.443240,4,cash
860,Handcrafted Ball,292.41,3,Lori Alvarado,2026-02-27T23:34:05.771841,5,mobile payment
861,Plastic Salad,966.08,8,Jeremiah Rose,2026-02-23T19:56:30.955584,3,mobile payment
862,Plastic Salad,386.11,6,Stephanie Barker,2026-02-23T13:49:50.429860,1,cash
863,Soft Cheese,990.84,7,Casey Hunter,2026-02-19T20:09:44.263638,5,credit card
864,Soap,413.96,3,Eric Mckinney,2026-01-08T19:26:02.940165,5,credit card
865,Salad,457.95,6,Megan Arnold,2026-01-11T16:33:10.016001,3,cash
866,Practical Tuna,941.47,3,Evan Grant,2026-01-13T13:25:10.638184,1,credit card
867,Awesome Ball,860.82,1,Adam Jefferson,2026-01-03T01:50:32.332737,3,cash
868,Refined Steel Cheese,130.19,1,Catherine Jones,2026-01-11T17:44:06.720824,4,cash
869,For repair Pants,833.28,1,William Cortez,2026-03-15T05:37:04.505555,2,debit card
870,Handmade Pants,758.67,10,Vincent Chapman,2026-01-19T02:30:41.332185,4,credit card
871,Ball,25.56,1,John Savage,2026-01-03T02:30:27.053919,3,mobile payment
872,Fresh Shirt,556.69,9,Michael Bridges,2026-03-11T09:13:23.226654,3,credit card
873,Chair,924.65,6,Lindsey Moyer,2026-01-24T06:33:53.341881,4,credit card
874,Rubber Soap,18.65,10,Krista Hubbard,2026-03-06T09:39:03.591165,5,mobile payment
875,Rubber Towels,831.87,10,Harry Lee,2026-02-08T01:03:39.706189,1,debit card
876,Metal Shirt,139.51,8,Diana Ramirez,2026-01-05T22:06:52.657078,1,debit card
877,Awesome Hat,883.73,3,Alexander Mills,2026-01-28T20:43:06.848435,3,mobile payment
878,New Rubber Chair,767.43,3,Jason Wilson,2026-02-22T16:10:59.310869,3,debit card
879,Rustic Soap,288.39,2,David Murphy DDS,2026-02-28T08:18:35.744394,1,mobile payment
880,Tasty Fish,338.24,2,Megan Jones,2026-01-23T04:06:36.964464,3,cash
881,Plastic Bike,844.15,5,Jacob Day,2026-02-13T22:06:11.341202,4,cash
882,Generic Cotton Tuna,992.65,9,Kenneth Mcneil,2026-02-18T06:02:31.266861,5,credit card
883,Steel Shoes,70.86,6,Joseph Mccann,2026-02-03T23:24:01.392660,4,cash
884,Fresh Towels,129.09,7,Bryan Lewis,2026-02-22T09:42:01.603218,3,mobile payment
885,Computer,139.5,8,Jose Lara,2026-01-01T12:10:55.886605,4,cash
886,Pants,341.37,1,Mrs. Kathleen Mitchell DVM,2026-02-27T20:55:11.335930,2,debit card
887,Licensed Chips,767.3,4,John Austin,2026-02-17T16:23:58.989991,3,cash
888,Practical Wooden Bacon,438.2,3,Christopher Parker,2026-02-19T22:24:40.648854,3,credit card
889,Cheese,921.01,5,Amanda Larson,2026-02-28T21:13:05.612445,4,debit card
890,Ergonomic Steel Ball,668.35,2,Rodney Faulkner,2026-02-12T19:15:41.659995,3,cash
891,Shirt,930.71,10,Hailey Diaz MD,2026-01-21T07:59:20.128291,5,cash
892,Metal Pants,799.97,6,Zachary Ortiz,2026-02-18T21:25:59.045957,3,credit card
893,Chair,103.98,5,Stephen Ross,2026-01-29T13:04:18.643288,2,debit card
894,Rubber Bacon,240.57,3,Laura Wood,2026-02-09T20:35:31.934476,3,mobile payment
895,Keyboard,545.68,3,Paul Davis,2026-01-07T19:22:49.619978,1,debit card
896,Refined Chair,915.6,3,James Adams,2026-01-02T00:19:17.287269,3,cash
897,Rubber Cheese,11.07,9,Eric Brown,2026-02-20T02:50:21.713826,1,credit card
898,Rubber Mouse,417.42,10,Jasmine Baldwin,2026-03-15T18:00:14.004560,4,debit card
899,Granite Salad,6.71,7,Roger Jones,2026-01-11T23:44:04.460723,3,mobile payment
900,Concrete Salad,18.36,5,Terry Jones,2026-02-20T18:30:07.513061,5,cash
901,Sleek Concrete Table,667.88,3,Dwayne Hamilton,2026-02-07T06:01:52.425574,3,debit card
902,Handcrafted Fish,252.93,4,Cindy Gibson,2026-03-16T02:23:36.263792,3,cash
903,New Mouse,505.32,9,Stanley Holt,2026-02-24T07:05:14.781364,1,credit card
904,Gorgeous Frozen Keyboard,275.35,6,Benjamin Davis,2026-01-15T11:14:58.105466,3,cash
905,Ergonomic Table,15.89,3,Jamie Hayes,2026-02-10T10:18:11.804677,1,debit card
906,Soap,298.78,2,Jacob Reynolds,2026-01-14T12:35:10.427129,5,cash
907,Salad,990.22,7,Natalie Sims,2026-02-11T12:11:22.863447,4,mobile payment
908,Tasty Gloves,237.95,6,Leslie Estrada,2026-01-14T00:16:39.965494,3,cash
909,Chair,321.31,6,Taylor Davenport,2026-02-13T02:36:24.350716,2,credit card
910,Gently Used Sausages,977.76,8,Christopher Moore,2026-02-10T01:33:19.965868,1,credit card
911,Mouse,381.76,8,Mr. Daniel Hoffman,2026-01-26T10:31:07.956273,4,debit card
912,Mouse,975.25,10,Timothy Davis,2026-02-22T01:38:35.737006,1,credit card
913,Sleek Soft Towels,528.85,3,Brandon Holland,2026-01-07T10:46:11.012245,4,credit card
914,Table,250.55,8,Rodney Jackson,2026-01-21T15:23:08.358666,4,cash
915,Generic Fish,292.67,5,Kim Mendoza,2026-02-13T10:28:44.071576,2,cash
916,Used Concrete Chips,416.37,3,Shirley Lewis,2026-02-10T14:00:45.045631,3,cash
917,Granite Bike,563.7,8,Rachel Wright,2026-01-11T06:44:21.706943,5,cash
918,Mouse,883.21,2,Michael Williams,2026-02-11T09:17:47.943681,2,cash
919,Bacon,442.07,4,Tonya Thomas,2026-03-14T15:35:30.115934,5,mobile payment
920,Small Wooden Bacon,790.88,9,Erica Kelly,2026-01-03T11:09:59.394562,1,debit card
921,Rustic Wooden Gloves,782.55,8,Phillip Reynolds,2026-02-22T00:12:47.985429,1,cash
922,For repair Granite Bacon,455.32,5,Jacqueline Noble,2026-01-27T16:09:18.886736,1,cash
923,Unbranded Metal Salad,821.7,2,Reginald Ray,2026-01-04T08:51:15.742819,2,cash
924,Concrete Shoes,278.07,7,Jason Wong,2026-01-17T00:27:05.212529,1,debit card
925,Cheese,650.92,8,Ashley Price,2026-01-05T01:44:59.602544,2,mobile payment
926,Sausages,727.47,2,Anita Johnson,2026-01-23T04:15:31.551888,2,debit card
927,Practical Concrete Bike,223.34,1,Michael Nunez,2026-02-22T02:54:02.088707,1,credit card
928,Shoes,930.2,2,Michelle Smith,2026-02-05T23:01:07.515119,1,mobile payment
929,Practical Shirt,843.59,3,Joe Phillips,2026-02-01T05:40:25.001582,5,mobile payment
930,Generic Metal Computer,314.69,10,Tammy West,2026-02-07T13:31:59.305865,1,mobile payment
931,New Metal Pants,814.63,3,Kristina Taylor,2026-03-10T17:55:09.787674,1,debit card
932,New Chair,541.97,10,James Haley,2026-02-09T12:14:45.742399,3,cash
933,Fresh Chair,599.9,6,Christine Brown,2026-03-06T22:42:18.053438,5,credit card
934,Practical Metal Chair,331.89,1,Sonya Jackson,2026-01-27T14:04:02.180440,2,cash
935,Ergonomic Cotton Pizza,490.13,2,Jennifer Gibbs,2026-01-10T01:31:35.736435,3,credit card
936,Handmade Soft Chips,275.99,1,Nathan Buckley,2026-02-06T12:01:30.310583,3,credit card
937,Used Frozen Sausages,212.03,6,Patricia White,2026-01-27T13:37:52.273009,3,mobile payment
938,Handmade Rubber Sausages,521.77,1,Alex Davis,2026-03-05T12:43:41.092998,2,debit card
939,Car,668.62,9,Heather Stout,2026-02-22T17:39:35.114463,4,credit card
940,Ergonomic Table,722.01,7,Dustin Pearson,2026-02-08T20:49:12.424556,5,credit card
941,Licensed Hat,344.89,4,Teresa Cordova,2026-01-24T01:54:36.501385,4,mobile payment
942,Awesome Chips,144.5,3,Kristin Dillon,2026-01-21T03:46:50.757034,3,mobile payment
943,Soap,487.7,1,James Nunez,2026-02-13T04:10:58.686587,4,debit card
944,Tasty Pizza,661.82,8,Amy Edwards,2026-01-07T12:43:36.926070,4,credit card
945,Wooden Tuna,67.55,3,Laura Thomas,2026-03-08T16:02:15.625523,3,cash
946,Refined Steel Table,475.62,7,John Pearson,2026-03-01T17:11:57.945887,3,credit card
947,Wooden Fish,290.94,5,Frank Bishop,2026-02-13T06:21:00.204119,2,mobile payment
948,Handcrafted Soft Tuna,827.73,7,Alicia Walton,2026-01-14T00:18:43.276573,2,mobile payment
949,Fantastic Fresh Pizza,363.81,8,Lori Jones,2026-01-03T11:47:06.950699,5,cash
950,Granite Hat,987.44,4,Amy Wang,2026-01-15T10:14:36.496327,2,mobile payment
951,Gently Used Car,380.81,8,Angela Carter,2026-01-19T01:58:47.735595,4,cash
952,Handmade Metal Shoes,527.33,5,Sabrina Dunn,2026-01-23T16:05:55.158167,1,credit card
953,Awesome Metal Hat,787.39,6,Cheryl Williams,2026-03-14T03:59:49.075496,5,credit card
954,Gorgeous Cotton Computer,60.09,10,Crystal Garcia,2026-01-08T21:23:49.603600,3,debit card
955,Fantastic Cheese,744.48,10,Elizabeth West,2026-01-25T02:55:14.901506,1,debit card
956,Ball,414.49,1,Ann Franklin,2026-01-16T05:33:51.106941,1,mobile payment
957,Practical Keyboard,351.22,4,Ebony Smith,2026-02-18T05:18:24.237404,5,cash
958,Gorgeous Cheese,530.31,10,Sarah Clark,2026-02-18T12:02:41.670232,1,mobile payment
959,Soap,622.42,7,Taylor Robertson,2026-02-24T18:27:38.963128,5,credit card
960,Awesome Cheese,776.18,4,Charles Nunez,2026-03-02T04:32:55.608968,3,mobile payment
961,Chicken,47.18,7,Brandi Bailey,2026-01-18T03:15:07.123305,2,credit card
962,Towels,70.25,10,Linda Wilson,2026-01-17T16:16:46.967077,1,cash
963,Fresh Ball,362.45,4,Lauren Miles,2026-02-05T19:17:47.432873,5,credit card
964,Incredible Granite Chicken,352.68,3,Jennifer Parker,2026-03-15T20:24:40.767205,2,mobile payment
965,Plastic Bacon,392.32,4,Paul Huffman,2026-03-11T22:36:47.473885,4,cash
966,Handmade Frozen Soap,109.74,6,Angela Ford,2026-02-15T06:55:46.313870,3,mobile payment
967,Rubber Cheese,370.77,8,Paul Martinez,2026-02-05T03:15:07.732202,1,debit card
968,Incredible Soap,343.0,3,Bernard Carpenter,2026-02-28T13:50:41.353011,1,credit card
969,Mouse,312.04,1,Jonathan Smith,2026-02-07T14:56:09.816452,4,cash
970,Metal Mouse,787.35,1,Lisa Stevens,2026-03-10T01:24:40.176757,4,credit card
971,Rubber Pants,102.6,10,Christina Brown,2026-02-13T09:48:32.630465,2,credit card
972,Concrete Keyboard,684.56,7,Deborah Daniel DVM,2026-03-02T19:31:50.181792,3,mobile payment
973,Tasty Shoes,232.28,7,Valerie Calderon,2026-01-23T04:17:31.061240,4,credit card
974,Fresh Bacon,681.76,2,James Brown,2026-02-20T21:41:28.877897,5,cash
975,Metal Pizza,973.97,4,Barbara Stewart,2026-02-26T13:01:40.482792,4,debit card
976,Table,217.85,7,Jason Anderson,2026-02-09T17:13:58.351002,3,mobile payment
977,Shirt,481.44,7,Gabriela Bowman,2026-01-10T15:10:56.380702,1,credit card
978,Fish,226.61,9,Erin Murphy,2026-02-28T02:31:47.497910,1,cash
979,Concrete Shoes,485.02,3,Christopher Turner,2026-02-25T13:13:53.532347,2,mobile payment
980,Licensed Fresh Car,575.94,9,Laura Huerta,2026-03-09T11:41:35.839740,3,mobile payment
981,Fish,238.49,4,Steven Jones,2026-03-10T07:57:55.141371,2,debit card
982,Fresh Shirt,289.39,2,Steven Adams,2026-02-06T14:33:24.115367,5,mobile payment
983,Salad,942.7,1,Daniel Allen,2026-02-10T07:06:18.159403,4,credit card
984,Handmade Steel Sausages,466.07,7,Heather Baker,2026-02-28T10:06:35.973242,4,credit card
985,Salad,729.63,1,Mr. Jeffrey Owens DDS,2026-01-20T01:26:12.232081,3,mobile payment
986,Incredible Towels,550.77,6,Troy Evans,2026-01-14T06:22:34.713556,3,credit card
987,Table,746.8,5,Jennifer King,2026-02-02T06:49:56.536681,4,debit card
988,Licensed Cotton Shirt,115.47,1,Jennifer Hale,2026-01-22T18:09:39.019691,5,cash
989,Tuna,251.85,4,Frank Richard,2026-01-03T18:53:23.129996,3,cash
990,Plastic Hat,610.46,5,Julian Mclaughlin,2026-03-06T19:36:31.434845,1,debit card
991,Refined Tuna,148.73,9,Rachel Rivera,2026-03-13T22:50:10.761668,1,debit card
992,Used Tuna,435.58,3,Kevin Lewis,2026-02-06T19:36:32.650912,5,mobile payment
993,Soap,612.01,2,Linda Galvan,2026-02-01T11:39:32.829833,1,debit card
994,Fresh Mouse,536.7,4,Emily Daniels,2026-01-06T06:38:00.536578,5,debit card
995,Practical Soft Mouse,857.47,7,Chelsea Wright,2026-03-15T12:55:26.852727,1,credit card
996,Used Fresh Ball,216.36,5,Charles Mcdowell,2026-03-08T23:36:16.856126,4,debit card
997,Computer,536.04,9,Desiree Kline,2026-03-16T04:10:43.349505,2,debit card
998,Fresh Gloves,596.75,7,Marissa Bennett,2026-01-28T22:41:33.776991,3,mobile payment
999,Plastic Ball,187.08,4,Ethan Cox,2026-01-10T02:54:10.849318,3,mobile payment
1000,Intelligent Granite Cheese,987.09,7,Kathleen Frazier,2026-03-11T23:07:37.887135,1,debit card
